Date,Order ID,Customer Name,Customer Phone,Product ID,Product Name,Quantity,Amount,Delivery Cost,Status,Notes
2026-07-18,ORD-20260718-1007,Sushmita Das,01845243734,SKU-1097,HP HDMI Cable (5m),1,300,80,delivered,
2026-07-18,ORD-20260718-1014,Mehedi Rahman,01673358706,SKU-1091,Dell Headphones with Mic,1,9150,60,shipped,
2026-07-18,ORD-20260718-1214,Nazmul Khatun,01820248868,SKU-1005,Razer Wireless Earbuds,1,8050,60,delivered,
2026-07-18,ORD-20260718-1324,Nusrat Alam,01956879440,SKU-1060,Razer Mousepad (Large),1,400,60,delivered,
2026-07-18,ORD-20260718-1334,Jannat Hossain,01834790146,SKU-1004,A4Tech HDMI Cable (2m),1,1050,120,delivered,
2026-07-18,ORD-20260718-1357,Tania Khatun,01340961544,SKU-1069,Gigabyte USB-C Hub,1,2900,80,delivered,
2026-07-18,ORD-20260718-1459,Mehedi Hossain,01791747916,SKU-1064,LG Power Strip (6 Port),1,750,80,delivered,
2026-07-18,ORD-20260718-1553,Bithi Nandi,01597388776,SKU-1014,Logitech Surge Protector,1,850,150,delivered,
2026-07-18,ORD-20260718-1696,Mahmud Jahan,01972512950,SKU-1085,Surge Protector,1,1200,120,delivered,
2026-07-18,ORD-20260718-1788,Tahmina Sikder,01697236641,SKU-1003,A4Tech Wireless Mouse,1,4800,120,delivered,
2026-07-18,ORD-20260718-1952,Sadia Chowdhury,01755297368,SKU-1068,Corsair USB-C Hub,1,4800,120,returned,
2026-07-17,ORD-20260717-1178,Shuvo Ghosh,01385939321,SKU-1067,Samsung External HDD 1TB,1,9350,120,delivered,
2026-07-17,ORD-20260717-1429,Priya Roy,01328727398,SKU-1066,Netgear Ethernet Cable (5m),1,1050,80,pending,
2026-07-17,ORD-20260717-1828,Sabrina Mia,01544518387,SKU-1075,Type-C to USB Cable,1,800,80,pending,
2026-07-16,ORD-20260716-1199,Imran Haque,01576275082,SKU-1048,Bluetooth Speaker,1,8550,120,delivered,
2026-07-15,ORD-20260715-1074,Imran Alam,01841284549,SKU-1099,TP-Link Wi-Fi Range Extender,1,4350,120,delivered,
2026-07-15,ORD-20260715-1088,Mahmud Jahan,01751257628,SKU-1094,UPS 650VA,1,5500,150,delivered,
2026-07-15,ORD-20260715-1160,Imran Ahmed,01744432497,SKU-1072,Razer HDMI Cable (5m),1,250,120,delivered,
2026-07-15,ORD-20260715-1478,Tahmina Sikder,01851363615,SKU-1051,Samsung Headphones with Mic,1,9450,120,delivered,
2026-07-15,ORD-20260715-1481,Mehedi Rahman,01673358706,SKU-1014,Logitech Surge Protector,1,850,120,delivered,
2026-07-15,ORD-20260715-1661,Rakib Jahan,01587727342,SKU-1077,A4Tech A4 Paper Pack (500 sheets),1,450,150,delivered,
2026-07-15,ORD-20260715-1710,Shuvo Paul,01371942917,SKU-1081,Asus Power Strip (4 Port),1,600,150,pending,
2026-07-15,ORD-20260715-1896,Faisal Islam,01526182247,SKU-1099,TP-Link Wi-Fi Range Extender,1,4350,80,delivered,
2026-07-14,ORD-20260714-1222,Ayesha Sarkar,01958037662,SKU-1062,Dell Wi-Fi Range Extender,1,6150,80,delivered,
2026-07-14,ORD-20260714-1245,Imran Alam,01720546731,SKU-1085,Surge Protector,1,1200,60,delivered,
2026-07-14,ORD-20260714-1800,Opu Karmakar,01733205317,SKU-1021,27-inch Monitor,1,26150,100,delivered,
2026-07-14,ORD-20260714-1914,Priya Barman,01730114159,SKU-1077,A4Tech A4 Paper Pack (500 sheets),1,450,120,delivered,
2026-07-14,ORD-20260714-1984,Jannat Hossain,01667149501,SKU-1001,Surge Protector,1,1350,120,delivered,
2026-07-13,ORD-20260713-1039,Kamrul Sikder,01358227788,SKU-1082,Asus HDMI Cable (5m),1,1050,150,delivered,
2026-07-13,ORD-20260713-1096,Anik Das,01981347922,SKU-1089,HP 27-inch Monitor,1,27950,80,delivered,
2026-07-13,ORD-20260713-1406,Ayesha Chowdhury,01315186107,SKU-1081,Asus Power Strip (4 Port),1,600,100,delivered,
2026-07-13,ORD-20260713-1411,Mehedi Ahmed,01389951697,SKU-1001,Surge Protector,1,1350,80,delivered,
2026-07-13,ORD-20260713-1520,Tariq Mia,01519825193,SKU-1059,Webcam 1080p,1,2950,100,delivered,
2026-07-13,ORD-20260713-1758,Mahmud Jahan,01972512950,SKU-1054,Gigabyte Wireless Earbuds,1,1650,150,processing,
2026-07-13,ORD-20260713-1940,Tahmina Sikder,01697236641,SKU-1063,Ethernet Cable (5m),1,750,120,delivered,
2026-07-12,ORD-20260712-1137,Ankita Nandi,01366327017,SKU-1016,Razer Surge Protector,1,600,60,delivered,
2026-07-12,ORD-20260712-1806,Jannat Hossain,01834790146,SKU-1094,UPS 650VA,1,5500,60,delivered,
2026-07-12,ORD-20260712-1962,Mahmud Khatun,01353277343,SKU-1033,Xiaomi LED Desk Lamp,1,4350,80,delivered,
2026-07-12,ORD-20260712-1996,Arif Hossain,01772841261,SKU-1049,Anker 24-inch Monitor,1,30900,60,delivered,
2026-07-11,ORD-20260711-1116,Ayesha Uddin,01378478605,SKU-1085,Surge Protector,1,1200,60,delivered,
2026-07-11,ORD-20260711-1195,Sumaiya Islam,01774390741,SKU-1005,Razer Wireless Earbuds,1,8050,120,delivered,
2026-07-11,ORD-20260711-1658,Tahmina Mia,01678017056,SKU-1062,Dell Wi-Fi Range Extender,1,6150,150,delivered,
2026-07-11,ORD-20260711-1690,Ayesha Sikder,01893039917,SKU-1097,HP HDMI Cable (5m),1,300,150,delivered,
2026-07-11,ORD-20260711-1815,Bithi Das,01929766394,SKU-1045,HP USB-C Hub,1,2800,120,delivered,
2026-07-10,ORD-20260710-1019,Nazmul Rahman,01392773075,SKU-1092,UPS 650VA,1,8500,120,delivered,
2026-07-10,ORD-20260710-1127,Pritom Das,01348350921,SKU-1032,Gaming Mouse,1,4700,150,delivered,
2026-07-10,ORD-20260710-1154,Sourav Karmakar,01715520161,SKU-1097,HP HDMI Cable (5m),1,300,60,delivered,
2026-07-10,ORD-20260710-1371,Tahmina Akter,01528192562,SKU-1068,Corsair USB-C Hub,1,4800,120,delivered,
2026-07-10,ORD-20260710-1772,Noyon Dutta,01794855610,SKU-1028,Wi-Fi Range Extender,1,2000,150,pending,
2026-07-10,ORD-20260710-1959,Sadia Alam,01912170545,SKU-1076,Flash Drive 64GB,1,1900,100,delivered,
2026-07-10,ORD-20260710-1985,Nazmul Rahman,01546900829,SKU-1025,Razer SSD 1TB,1,4300,150,delivered,
2026-07-09,ORD-20260709-1194,Bithi Paul,01757303621,SKU-1071,Anker Power Strip (4 Port),1,500,120,delivered,
2026-07-09,ORD-20260709-1350,Tariq Uddin,01333104930,SKU-1013,HP UPS 650VA,1,6100,150,delivered,
2026-07-08,ORD-20260708-1118,Pritom Karmakar,01835446842,SKU-1071,Anker Power Strip (4 Port),1,500,100,delivered,
2026-07-08,ORD-20260708-1557,Tahmina Ahmed,01955419933,SKU-1089,HP 27-inch Monitor,1,27950,60,delivered,
2026-07-08,ORD-20260708-1591,Sourav Karmakar,01715520161,SKU-1026,Anker Headphones with Mic,1,1950,80,cancelled,
2026-07-08,ORD-20260708-1682,Sushmoy Ghosh,01916527083,SKU-1087,Router Dual Band,1,4050,100,delivered,
2026-07-08,ORD-20260708-1920,Anik Nandi,01984043775,SKU-1087,Router Dual Band,1,4050,120,delivered,
2026-07-07,ORD-20260707-1051,Sourav Roy,01382831304,SKU-1027,Xiaomi Bluetooth Speaker,1,1500,80,delivered,
2026-07-07,ORD-20260707-1291,Hasan Uddin,01956519693,SKU-1059,Webcam 1080p,1,2950,150,delivered,
2026-07-07,ORD-20260707-1689,Bithi Das,01929766394,SKU-1037,HP 24-inch Monitor,1,31150,60,delivered,
2026-07-07,ORD-20260707-1846,Mehedi Rahman,01979104547,SKU-1056,24-inch Monitor,1,37350,120,delivered,
2026-07-06,ORD-20260706-1397,Sabrina Mia,01544518387,SKU-1072,Razer HDMI Cable (5m),1,250,80,cancelled,
2026-07-06,ORD-20260706-1562,Faisal Chowdhury,01652112869,SKU-1062,Dell Wi-Fi Range Extender,1,6150,120,delivered,
2026-07-06,ORD-20260706-1793,Sabrina Alam,01510820902,SKU-1004,A4Tech HDMI Cable (2m),1,1050,150,delivered,
2026-07-05,ORD-20260705-1314,Opu Karmakar,01733205317,SKU-1070,Xiaomi Flash Drive 64GB,1,1400,120,delivered,
2026-07-05,ORD-20260705-1555,Opu Das,01640239959,SKU-1050,Anker Flash Drive 64GB,1,1200,80,delivered,
2026-07-05,ORD-20260705-1835,Mahmud Khatun,01353277343,SKU-1012,Logitech UPS 650VA,1,4500,100,shipped,
2026-07-04,ORD-20260704-1223,Opu Karmakar,01956464395,SKU-1065,Ethernet Cable (10m),1,750,150,delivered,
2026-07-04,ORD-20260704-1244,Priya Paul,01976913601,SKU-1054,Gigabyte Wireless Earbuds,1,1650,60,shipped,
2026-07-04,ORD-20260704-1455,Ankita Saha,01726806933,SKU-1039,Dell Surge Protector,1,800,100,delivered,
2026-07-04,ORD-20260704-1480,Pritom Saha,01548033101,SKU-1075,Type-C to USB Cable,1,800,60,delivered,
2026-07-04,ORD-20260704-1597,Opu Karmakar,01956464395,SKU-1017,Xiaomi Bluetooth Speaker,1,6500,150,delivered,
2026-07-04,ORD-20260704-1668,Bappy Barman,01917642551,SKU-1055,A4Tech Wireless Mouse,1,4150,150,delivered,
2026-07-04,ORD-20260704-1706,Mehedi Ahmed,01389951697,SKU-1078,Netgear Gaming Mouse,1,4200,100,delivered,
2026-07-04,ORD-20260704-1757,Puja Ghosh,01632047183,SKU-1070,Xiaomi Flash Drive 64GB,1,1400,120,delivered,
2026-07-03,ORD-20260703-1099,Puja Ghosh,01632047183,SKU-1026,Anker Headphones with Mic,1,1950,100,delivered,
2026-07-03,ORD-20260703-1165,Anik Das,01981347922,SKU-1051,Samsung Headphones with Mic,1,9450,80,delivered,
2026-07-03,ORD-20260703-1346,Sumaiya Akter,01742051828,SKU-1081,Asus Power Strip (4 Port),1,600,80,delivered,
2026-07-03,ORD-20260703-1592,Mehedi Sikder,01833445296,SKU-1036,Netgear Type-C to USB Cable,1,200,100,shipped,
2026-07-03,ORD-20260703-1619,Mehedi Sikder,01833445296,SKU-1076,Flash Drive 64GB,1,1900,60,delivered,
2026-07-03,ORD-20260703-1818,Jannat Hossain,01667149501,SKU-1086,Anker Wireless Earbuds,1,9450,80,delivered,
2026-07-02,ORD-20260702-1141,Tariq Alam,01812196080,SKU-1089,HP 27-inch Monitor,1,27950,100,delivered,
2026-07-02,ORD-20260702-1285,Rakib Hossain,01380069607,SKU-1076,Flash Drive 64GB,1,1900,80,delivered,
2026-07-02,ORD-20260702-1323,Mehedi Sikder,01318544201,SKU-1006,Asus Ethernet Cable (5m),1,800,80,processing,
2026-07-01,ORD-20260701-1060,Hasan Hossain,01364777391,SKU-1018,Ethernet Cable (5m),1,550,150,delivered,
2026-07-01,ORD-20260701-1300,Arif Jahan,01747517947,SKU-1063,Ethernet Cable (5m),1,750,80,delivered,
2026-07-01,ORD-20260701-1454,Ayesha Mia,01819763725,SKU-1058,Netgear Wireless Earbuds,1,10400,80,delivered,
2026-07-01,ORD-20260701-1953,Shuvo Ghosh,01385939321,SKU-1031,A4Tech Surge Protector,1,1350,120,delivered,
2026-07-01,ORD-20260701-1979,Sumaiya Akter,01975745020,SKU-1061,Logitech UPS 650VA,1,5200,100,delivered,
2026-06-30,ORD-20260630-1052,Jannat Mia,01544073421,SKU-1016,Razer Surge Protector,1,600,120,delivered,
2026-06-30,ORD-20260630-1206,Shuvo Roy,01830116554,SKU-1034,Dell HDMI Cable (2m),1,450,100,delivered,
2026-06-30,ORD-20260630-1354,Puja Barman,01795364531,SKU-1079,HP Ethernet Cable (5m),1,950,100,cancelled,
2026-06-30,ORD-20260630-1600,Tahmina Khatun,01868381493,SKU-1079,HP Ethernet Cable (5m),1,950,150,cancelled,
2026-06-30,ORD-20260630-1674,Bappy Debnath,01580102060,SKU-1085,Surge Protector,1,1200,100,delivered,
2026-06-30,ORD-20260630-1745,Jannat Hossain,01834790146,SKU-1013,HP UPS 650VA,1,6100,120,returned,
2026-06-29,ORD-20260629-1081,Priya Roy,01328727398,SKU-1009,Samsung Power Strip (6 Port),1,1150,100,returned,
2026-06-29,ORD-20260629-1179,Jannat Mia,01562529571,SKU-1073,HP Power Strip (4 Port),1,1000,80,cancelled,
2026-06-29,ORD-20260629-1228,Tania Khatun,01340961544,SKU-1024,Asus External HDD 1TB,1,6400,60,delivered,
2026-06-29,ORD-20260629-1559,Rakib Hossain,01380069607,SKU-1033,Xiaomi LED Desk Lamp,1,4350,100,delivered,
2026-06-29,ORD-20260629-1649,Imran Khatun,01849967904,SKU-1065,Ethernet Cable (10m),1,750,60,delivered,
2026-06-29,ORD-20260629-1887,Pritom Das,01348350921,SKU-1058,Netgear Wireless Earbuds,1,10400,150,delivered,
2026-06-29,ORD-20260629-1890,Sumaiya Haque,01623833129,SKU-1072,Razer HDMI Cable (5m),1,250,150,processing,
2026-06-28,ORD-20260628-1150,Sadia Islam,01350096915,SKU-1035,Logitech HDMI Cable (2m),1,800,150,delivered,
2026-06-28,ORD-20260628-1714,Mahmud Jahan,01751257628,SKU-1004,A4Tech HDMI Cable (2m),1,1050,100,pending,
2026-06-28,ORD-20260628-1760,Kamrul Alam,01396813335,SKU-1084,Anker Wi-Fi Range Extender,1,3700,60,delivered,
2026-06-28,ORD-20260628-1778,Farjana Rahman,01553513627,SKU-1077,A4Tech A4 Paper Pack (500 sheets),1,450,120,delivered,
2026-06-27,ORD-20260627-1076,Tahmina Rahman,01929879057,SKU-1089,HP 27-inch Monitor,1,27950,120,delivered,
2026-06-26,ORD-20260626-1017,Ayesha Mia,01819763725,SKU-1098,24-inch Monitor,1,26700,120,delivered,
2026-06-26,ORD-20260626-1092,Tania Sikder,01610869102,SKU-1083,A4Tech Ethernet Cable (10m),1,550,150,delivered,
2026-06-26,ORD-20260626-1392,Sumaiya Akter,01742051828,SKU-1095,LED Desk Lamp,1,1700,80,pending,
2026-06-25,ORD-20260625-1278,Nazmul Akter,01924725229,SKU-1031,A4Tech Surge Protector,1,1350,60,pending,
2026-06-25,ORD-20260625-1325,Sourav Das,01331497695,SKU-1063,Ethernet Cable (5m),1,750,80,cancelled,
2026-06-25,ORD-20260625-1534,Rakib Hossain,01775231179,SKU-1049,Anker 24-inch Monitor,1,30900,100,delivered,
2026-06-25,ORD-20260625-1578,Noyon Dutta,01770348866,SKU-1084,Anker Wi-Fi Range Extender,1,3700,80,returned,
2026-06-25,ORD-20260625-1705,Hasan Sarkar,01776412848,SKU-1081,Asus Power Strip (4 Port),1,600,80,delivered,
2026-06-25,ORD-20260625-1820,Priya Das,01898692954,SKU-1075,Type-C to USB Cable,1,800,60,delivered,
2026-06-25,ORD-20260625-1911,Pritom Saha,01548033101,SKU-1032,Gaming Mouse,1,4700,150,delivered,
2026-06-25,ORD-20260625-1926,Rakib Ahmed,01970973649,SKU-1090,Anker Type-C to USB Cable,1,600,120,delivered,
2026-06-24,ORD-20260624-1332,Tahmina Hossain,01916637650,SKU-1005,Razer Wireless Earbuds,1,8050,120,delivered,
2026-06-24,ORD-20260624-1465,Tariq Mia,01519825193,SKU-1030,Dell Bluetooth Speaker,1,1400,150,delivered,
2026-06-24,ORD-20260624-1872,Noyon Das,01673152168,SKU-1089,HP 27-inch Monitor,1,27950,80,delivered,
2026-06-23,ORD-20260623-1023,Ayesha Rahman,01948145997,SKU-1033,Xiaomi LED Desk Lamp,1,4350,120,delivered,
2026-06-23,ORD-20260623-1289,Farjana Rahman,01553513627,SKU-1040,A4Tech USB-C Hub,1,3950,120,delivered,
2026-06-23,ORD-20260623-1648,Mahmud Sarkar,01687880075,SKU-1022,Laptop Stand,1,1050,80,delivered,
2026-06-22,ORD-20260622-1551,Hasan Uddin,01956519693,SKU-1083,A4Tech Ethernet Cable (10m),1,550,80,returned,
2026-06-22,ORD-20260622-1586,Priya Nandi,01695123761,SKU-1057,Corsair Power Strip (6 Port),1,1100,120,processing,
2026-06-22,ORD-20260622-1678,Puja Ghosh,01973691631,SKU-1017,Xiaomi Bluetooth Speaker,1,6500,100,processing,
2026-06-22,ORD-20260622-1742,Mahmud Sarkar,01687880075,SKU-1019,UPS 650VA,1,5300,100,delivered,
2026-06-22,ORD-20260622-1753,Ayesha Rahman,01948145997,SKU-1030,Dell Bluetooth Speaker,1,1400,150,delivered,
2026-06-22,ORD-20260622-1783,Imran Sarkar,01329356191,SKU-1076,Flash Drive 64GB,1,1900,60,returned,
2026-06-22,ORD-20260622-1898,Tahmina Ahmed,01955419933,SKU-1023,Dell A4 Paper Pack (500 sheets),1,550,100,shipped,
2026-06-21,ORD-20260621-1115,Opu Das,01640239959,SKU-1064,LG Power Strip (6 Port),1,750,80,cancelled,
2026-06-21,ORD-20260621-1143,Arif Jahan,01827200708,SKU-1088,Samsung HDMI Cable (5m),1,550,100,delivered,
2026-06-21,ORD-20260621-1219,Pritom Saha,01548033101,SKU-1086,Anker Wireless Earbuds,1,9450,120,pending,
2026-06-21,ORD-20260621-1224,Sushmoy Saha,01543714484,SKU-1078,Netgear Gaming Mouse,1,4200,60,delivered,
2026-06-21,ORD-20260621-1575,Hasan Sarkar,01329111800,SKU-1091,Dell Headphones with Mic,1,9150,150,delivered,
2026-06-21,ORD-20260621-1599,Noyon Dutta,01770348866,SKU-1006,Asus Ethernet Cable (5m),1,800,100,delivered,
2026-06-21,ORD-20260621-1642,Sadia Chowdhury,01755297368,SKU-1008,LG Ethernet Cable (5m),1,350,100,delivered,
2026-06-21,ORD-20260621-1761,Sabrina Alam,01510820902,SKU-1057,Corsair Power Strip (6 Port),1,1100,150,delivered,
2026-06-20,ORD-20260620-1056,Tariq Haque,01797385593,SKU-1018,Ethernet Cable (5m),1,550,80,delivered,
2026-06-20,ORD-20260620-1126,Mehedi Hossain,01791747916,SKU-1054,Gigabyte Wireless Earbuds,1,1650,150,delivered,
2026-06-20,ORD-20260620-1677,Opu Karmakar,01956464395,SKU-1081,Asus Power Strip (4 Port),1,600,80,delivered,
2026-06-20,ORD-20260620-1773,Opu Das,01640239959,SKU-1081,Asus Power Strip (4 Port),1,600,100,pending,
2026-06-20,ORD-20260620-1826,Faisal Chowdhury,01652112869,SKU-1020,Wi-Fi Range Extender,1,3350,100,delivered,
2026-06-20,ORD-20260620-1936,Ayesha Khatun,01743310125,SKU-1089,HP 27-inch Monitor,1,27950,80,returned,
2026-06-19,ORD-20260619-1073,Sumaiya Haque,01623833129,SKU-1009,Samsung Power Strip (6 Port),1,1150,60,shipped,
2026-06-19,ORD-20260619-1209,Arif Jahan,01827200708,SKU-1004,A4Tech HDMI Cable (2m),1,1050,120,delivered,
2026-06-19,ORD-20260619-1475,Faisal Khatun,01366021788,SKU-1009,Samsung Power Strip (6 Port),1,1150,80,delivered,
2026-06-19,ORD-20260619-1839,Hasan Sarkar,01329111800,SKU-1004,A4Tech HDMI Cable (2m),1,1050,100,delivered,
2026-06-19,ORD-20260619-1858,Priya Nandi,01695123761,SKU-1098,24-inch Monitor,1,26700,150,delivered,
2026-06-19,ORD-20260619-1954,Priya Paul,01976913601,SKU-1040,A4Tech USB-C Hub,1,3950,150,processing,
2026-06-18,ORD-20260618-1256,Jannat Sikder,01767736772,SKU-1090,Anker Type-C to USB Cable,1,600,80,delivered,
2026-06-18,ORD-20260618-1298,Rasel Chowdhury,01515658306,SKU-1028,Wi-Fi Range Extender,1,2000,60,delivered,
2026-06-18,ORD-20260618-1680,Sabrina Rahman,01552590700,SKU-1012,Logitech UPS 650VA,1,4500,60,pending,
2026-06-17,ORD-20260617-1013,Sadia Alam,01912170545,SKU-1061,Logitech UPS 650VA,1,5200,120,delivered,
2026-06-17,ORD-20260617-1151,Imran Hossain,01353545876,SKU-1010,Netgear SSD 500GB,1,8650,100,delivered,
2026-06-17,ORD-20260617-1665,Puja Roy,01648510043,SKU-1079,HP Ethernet Cable (5m),1,950,150,delivered,
2026-06-17,ORD-20260617-1937,Bithi Saha,01771991723,SKU-1019,UPS 650VA,1,5300,80,delivered,
2026-06-16,ORD-20260616-1484,Mehedi Sikder,01888085727,SKU-1009,Samsung Power Strip (6 Port),1,1150,120,cancelled,
2026-06-16,ORD-20260616-1529,Sushmita Das,01845243734,SKU-1048,Bluetooth Speaker,1,8550,120,delivered,
2026-06-16,ORD-20260616-1860,Arif Jahan,01747517947,SKU-1019,UPS 650VA,1,5300,150,delivered,
2026-06-15,ORD-20260615-1018,Farjana Uddin,01678424077,SKU-1063,Ethernet Cable (5m),1,750,60,delivered,
2026-06-15,ORD-20260615-1185,Sabrina Alam,01510820902,SKU-1100,Samsung Ethernet Cable (5m),1,400,100,delivered,
2026-06-15,ORD-20260615-1306,Arif Jahan,01525606484,SKU-1099,TP-Link Wi-Fi Range Extender,1,4350,100,delivered,
2026-06-15,ORD-20260615-1922,Dip Nandi,01752266169,SKU-1089,HP 27-inch Monitor,1,27950,150,cancelled,
2026-06-15,ORD-20260615-1938,Faisal Islam,01526182247,SKU-1075,Type-C to USB Cable,1,800,100,delivered,
2026-06-15,ORD-20260615-1948,Tahmina Sikder,01697236641,SKU-1098,24-inch Monitor,1,26700,100,returned,
2026-06-14,ORD-20260614-1027,Mehedi Ahmed,01389951697,SKU-1061,Logitech UPS 650VA,1,5200,150,delivered,
2026-06-14,ORD-20260614-1095,Puja Ghosh,01552113138,SKU-1030,Dell Bluetooth Speaker,1,1400,80,delivered,
2026-06-14,ORD-20260614-1274,Faisal Ahmed,01946407128,SKU-1010,Netgear SSD 500GB,1,8650,60,shipped,
2026-06-14,ORD-20260614-1310,Arif Sikder,01678458895,SKU-1040,A4Tech USB-C Hub,1,3950,80,delivered,
2026-06-14,ORD-20260614-1880,Tahmina Khatun,01868381493,SKU-1010,Netgear SSD 500GB,1,8650,60,delivered,
2026-06-14,ORD-20260614-1910,Joy Barman,01636517762,SKU-1081,Asus Power Strip (4 Port),1,600,100,delivered,
2026-06-13,ORD-20260613-1301,Jannat Hossain,01667149501,SKU-1039,Dell Surge Protector,1,800,80,delivered,
2026-06-13,ORD-20260613-1477,Anik Das,01892570001,SKU-1086,Anker Wireless Earbuds,1,9450,150,delivered,
2026-06-13,ORD-20260613-1819,Nazmul Islam,01345182388,SKU-1060,Razer Mousepad (Large),1,400,150,delivered,
2026-06-12,ORD-20260612-1080,Ayesha Uddin,01378478605,SKU-1068,Corsair USB-C Hub,1,4800,100,delivered,
2026-06-12,ORD-20260612-1207,Ayesha Akter,01819137260,SKU-1026,Anker Headphones with Mic,1,1950,150,delivered,
2026-06-12,ORD-20260612-1225,Anik Nandi,01984043775,SKU-1014,Logitech Surge Protector,1,850,120,delivered,
2026-06-12,ORD-20260612-1241,Pritom Das,01331448553,SKU-1009,Samsung Power Strip (6 Port),1,1150,150,delivered,
2026-06-12,ORD-20260612-1257,Ankita Paul,01394087593,SKU-1047,LG Webcam 1080p,1,5550,150,delivered,
2026-06-12,ORD-20260612-1609,Bappy Bhowmik,01370442615,SKU-1021,27-inch Monitor,1,26150,80,delivered,
2026-06-12,ORD-20260612-1789,Mehedi Ahmed,01389951697,SKU-1032,Gaming Mouse,1,4700,80,delivered,
2026-06-12,ORD-20260612-1843,Ayesha Uddin,01378478605,SKU-1014,Logitech Surge Protector,1,850,80,pending,
2026-06-12,ORD-20260612-1915,Rakib Hossain,01775231179,SKU-1005,Razer Wireless Earbuds,1,8050,80,delivered,
2026-06-11,ORD-20260611-1295,Puja Dutta,01842136612,SKU-1089,HP 27-inch Monitor,1,27950,120,delivered,
2026-06-11,ORD-20260611-1869,Mehedi Rahman,01673358706,SKU-1074,HP LED Desk Lamp,1,5550,60,shipped,
2026-06-10,ORD-20260610-1370,Shuvo Roy,01830116554,SKU-1020,Wi-Fi Range Extender,1,3350,100,delivered,
2026-06-10,ORD-20260610-1427,Ankita Barman,01814490911,SKU-1084,Anker Wi-Fi Range Extender,1,3700,150,delivered,
2026-06-10,ORD-20260610-1625,Sabrina Ahmed,01754881898,SKU-1072,Razer HDMI Cable (5m),1,250,100,cancelled,
2026-06-09,ORD-20260609-1156,Ayesha Sarkar,01628410201,SKU-1061,Logitech UPS 650VA,1,5200,100,cancelled,
2026-06-09,ORD-20260609-1362,Jannat Sikder,01767736772,SKU-1053,Netgear Mechanical Keyboard,1,1900,100,cancelled,
2026-06-09,ORD-20260609-1460,Bithi Paul,01757303621,SKU-1050,Anker Flash Drive 64GB,1,1200,100,cancelled,
2026-06-09,ORD-20260609-1483,Tahmina Sikder,01851363615,SKU-1071,Anker Power Strip (4 Port),1,500,100,delivered,
2026-06-09,ORD-20260609-1497,Bithi Paul,01757303621,SKU-1078,Netgear Gaming Mouse,1,4200,120,delivered,
2026-06-09,ORD-20260609-1500,Faisal Khatun,01366021788,SKU-1067,Samsung External HDD 1TB,1,9350,80,delivered,
2026-06-09,ORD-20260609-1558,Jannat Mia,01562529571,SKU-1002,Xiaomi Mechanical Keyboard,1,6800,80,delivered,
2026-06-08,ORD-20260608-1281,Hasan Sarkar,01776412848,SKU-1032,Gaming Mouse,1,4700,120,delivered,
2026-06-08,ORD-20260608-1339,Faisal Islam,01694559770,SKU-1037,HP 24-inch Monitor,1,31150,60,processing,
2026-06-08,ORD-20260608-1383,Faisal Ahmed,01946407128,SKU-1052,Corsair Power Strip (6 Port),1,800,120,returned,
2026-06-08,ORD-20260608-1443,Noyon Nandi,01587731172,SKU-1080,27-inch Monitor,1,45250,60,delivered,
2026-06-07,ORD-20260607-1420,Tania Khatun,01340961544,SKU-1042,Xiaomi Ethernet Cable (5m),1,450,100,delivered,
2026-06-07,ORD-20260607-1435,Nazmul Islam,01345182388,SKU-1047,LG Webcam 1080p,1,5550,120,delivered,
2026-06-07,ORD-20260607-1526,Nazmul Rahman,01392773075,SKU-1060,Razer Mousepad (Large),1,400,150,delivered,
2026-06-07,ORD-20260607-1749,Sourav Karmakar,01827060320,SKU-1036,Netgear Type-C to USB Cable,1,200,60,delivered,
2026-06-07,ORD-20260607-1810,Bithi Paul,01757303621,SKU-1087,Router Dual Band,1,4050,150,processing,
2026-06-07,ORD-20260607-1864,Nazmul Rahman,01392773075,SKU-1005,Razer Wireless Earbuds,1,8050,150,shipped,
2026-06-06,ORD-20260606-1136,Tania Sikder,01610869102,SKU-1054,Gigabyte Wireless Earbuds,1,1650,120,delivered,
2026-06-06,ORD-20260606-1297,Sushmita Das,01845243734,SKU-1036,Netgear Type-C to USB Cable,1,200,80,delivered,
2026-06-06,ORD-20260606-1364,Puja Paul,01589708992,SKU-1004,A4Tech HDMI Cable (2m),1,1050,100,shipped,
2026-06-06,ORD-20260606-1672,Mehedi Hossain,01791747916,SKU-1004,A4Tech HDMI Cable (2m),1,1050,150,delivered,
2026-06-06,ORD-20260606-1814,Faisal Sikder,01528245263,SKU-1032,Gaming Mouse,1,4700,120,delivered,
2026-06-06,ORD-20260606-1861,Nusrat Sikder,01669454172,SKU-1086,Anker Wireless Earbuds,1,9450,120,delivered,
2026-06-06,ORD-20260606-1966,Mehedi Hossain,01791747916,SKU-1045,HP USB-C Hub,1,2800,60,delivered,
2026-06-05,ORD-20260605-1085,Hasan Chowdhury,01681213055,SKU-1073,HP Power Strip (4 Port),1,1000,80,delivered,
2026-06-05,ORD-20260605-1120,Dip Bhowmik,01660925081,SKU-1009,Samsung Power Strip (6 Port),1,1150,60,delivered,
2026-06-05,ORD-20260605-1159,Sushmoy Ghosh,01916527083,SKU-1077,A4Tech A4 Paper Pack (500 sheets),1,450,100,cancelled,
2026-06-05,ORD-20260605-1352,Imran Alam,01720546731,SKU-1034,Dell HDMI Cable (2m),1,450,80,delivered,
2026-06-05,ORD-20260605-1812,Faisal Mia,01920991261,SKU-1028,Wi-Fi Range Extender,1,2000,150,cancelled,
2026-06-05,ORD-20260605-1823,Arif Sikder,01678458895,SKU-1089,HP 27-inch Monitor,1,27950,120,delivered,
2026-06-05,ORD-20260605-1925,Ayesha Sarkar,01958037662,SKU-1012,Logitech UPS 650VA,1,4500,80,delivered,
2026-06-04,ORD-20260604-1022,Arif Hossain,01772841261,SKU-1054,Gigabyte Wireless Earbuds,1,1650,120,delivered,
2026-06-04,ORD-20260604-1307,Faisal Khatun,01366021788,SKU-1074,HP LED Desk Lamp,1,5550,150,shipped,
2026-06-04,ORD-20260604-1842,Jannat Mia,01544073421,SKU-1044,Netgear A4 Paper Pack (500 sheets),1,600,120,delivered,
2026-06-04,ORD-20260604-1893,Faisal Ahmed,01946407128,SKU-1023,Dell A4 Paper Pack (500 sheets),1,550,150,delivered,
2026-06-04,ORD-20260604-1991,Opu Karmakar,01956464395,SKU-1027,Xiaomi Bluetooth Speaker,1,1500,60,shipped,
2026-06-03,ORD-20260603-1229,Rasel Sarkar,01689678847,SKU-1055,A4Tech Wireless Mouse,1,4150,80,shipped,
2026-06-03,ORD-20260603-1266,Pritom Barman,01690232923,SKU-1064,LG Power Strip (6 Port),1,750,80,shipped,
2026-06-03,ORD-20260603-1419,Jannat Sikder,01767736772,SKU-1095,LED Desk Lamp,1,1700,80,pending,
2026-06-03,ORD-20260603-1431,Faisal Chowdhury,01729735220,SKU-1049,Anker 24-inch Monitor,1,30900,120,cancelled,
2026-06-03,ORD-20260603-1694,Bithi Paul,01757303621,SKU-1021,27-inch Monitor,1,26150,120,delivered,
2026-06-03,ORD-20260603-1930,Hasan Chowdhury,01681213055,SKU-1012,Logitech UPS 650VA,1,4500,150,processing,
2026-06-03,ORD-20260603-1969,Hasan Sarkar,01329111800,SKU-1045,HP USB-C Hub,1,2800,100,delivered,
2026-06-02,ORD-20260602-1215,Sushmita Paul,01698364242,SKU-1099,TP-Link Wi-Fi Range Extender,1,4350,80,delivered,
2026-06-02,ORD-20260602-1239,Pritom Saha,01548033101,SKU-1008,LG Ethernet Cable (5m),1,350,80,delivered,
2026-06-02,ORD-20260602-1464,Mahmud Sarkar,01687880075,SKU-1065,Ethernet Cable (10m),1,750,150,delivered,
2026-06-02,ORD-20260602-1827,Joy Ghosh,01517040489,SKU-1078,Netgear Gaming Mouse,1,4200,150,cancelled,
2026-06-02,ORD-20260602-1832,Faisal Sarkar,01348364287,SKU-1086,Anker Wireless Earbuds,1,9450,80,delivered,
2026-06-02,ORD-20260602-1891,Sumaiya Akter,01975745020,SKU-1016,Razer Surge Protector,1,600,120,pending,
2026-06-01,ORD-20260601-1075,Nazmul Khatun,01820248868,SKU-1035,Logitech HDMI Cable (2m),1,800,120,returned,
2026-06-01,ORD-20260601-1418,Puja Ghosh,01552113138,SKU-1001,Surge Protector,1,1350,60,delivered,
2026-06-01,ORD-20260601-1992,Mehedi Jahan,01918614876,SKU-1030,Dell Bluetooth Speaker,1,1400,80,delivered,
2026-05-31,ORD-20260531-1416,Sabrina Mia,01894010817,SKU-1055,A4Tech Wireless Mouse,1,4150,120,delivered,
2026-05-31,ORD-20260531-1548,Anik Nandi,01984043775,SKU-1052,Corsair Power Strip (6 Port),1,800,150,delivered,
2026-05-31,ORD-20260531-1613,Pritom Das,01348350921,SKU-1022,Laptop Stand,1,1050,60,delivered,
2026-05-30,ORD-20260530-1356,Bappy Debnath,01580102060,SKU-1053,Netgear Mechanical Keyboard,1,1900,120,delivered,
2026-05-30,ORD-20260530-1404,Farjana Ahmed,01657797471,SKU-1074,HP LED Desk Lamp,1,5550,150,delivered,
2026-05-30,ORD-20260530-1616,Nusrat Khatun,01756709908,SKU-1093,Xiaomi LED Desk Lamp,1,1850,120,delivered,
2026-05-30,ORD-20260530-1781,Bappy Saha,01682456685,SKU-1086,Anker Wireless Earbuds,1,9450,100,processing,
2026-05-30,ORD-20260530-1813,Farjana Ahmed,01657797471,SKU-1027,Xiaomi Bluetooth Speaker,1,1500,100,delivered,
2026-05-29,ORD-20260529-1101,Dip Paul,01363990540,SKU-1006,Asus Ethernet Cable (5m),1,800,100,delivered,
2026-05-29,ORD-20260529-1134,Arif Chowdhury,01635343580,SKU-1043,Mechanical Keyboard,1,5650,100,delivered,
2026-05-29,ORD-20260529-1337,Rasel Uddin,01866497091,SKU-1005,Razer Wireless Earbuds,1,8050,100,delivered,
2026-05-29,ORD-20260529-1342,Sabrina Sarkar,01754665691,SKU-1027,Xiaomi Bluetooth Speaker,1,1500,120,delivered,
2026-05-29,ORD-20260529-1412,Sushmita Das,01845243734,SKU-1071,Anker Power Strip (4 Port),1,500,60,returned,
2026-05-29,ORD-20260529-1667,Sabrina Mia,01894010817,SKU-1001,Surge Protector,1,1350,60,delivered,
2026-05-29,ORD-20260529-1831,Dip Ghosh,01810701914,SKU-1017,Xiaomi Bluetooth Speaker,1,6500,100,processing,
2026-05-29,ORD-20260529-1863,Sadia Haque,01798344812,SKU-1008,LG Ethernet Cable (5m),1,350,60,delivered,
2026-05-29,ORD-20260529-1923,Anik Das,01981347922,SKU-1006,Asus Ethernet Cable (5m),1,800,120,delivered,
2026-05-28,ORD-20260528-1090,Faisal Ahmed,01946407128,SKU-1052,Corsair Power Strip (6 Port),1,800,120,returned,
2026-05-28,ORD-20260528-1146,Puja Dutta,01842136612,SKU-1025,Razer SSD 1TB,1,4300,60,delivered,
2026-05-28,ORD-20260528-1353,Ankita Saha,01726806933,SKU-1006,Asus Ethernet Cable (5m),1,800,120,delivered,
2026-05-28,ORD-20260528-1695,Rasel Uddin,01866497091,SKU-1077,A4Tech A4 Paper Pack (500 sheets),1,450,100,delivered,
2026-05-28,ORD-20260528-1726,Tania Khatun,01340961544,SKU-1080,27-inch Monitor,1,45250,150,delivered,
2026-05-28,ORD-20260528-1972,Tania Sikder,01610869102,SKU-1099,TP-Link Wi-Fi Range Extender,1,4350,150,processing,
2026-05-27,ORD-20260527-1351,Tahmina Hossain,01731991960,SKU-1073,HP Power Strip (4 Port),1,1000,150,delivered,
2026-05-27,ORD-20260527-1489,Imran Ahmed,01744432497,SKU-1072,Razer HDMI Cable (5m),1,250,150,delivered,
2026-05-27,ORD-20260527-1516,Jannat Rahman,01995617380,SKU-1007,Headphones with Mic,1,7900,120,delivered,
2026-05-27,ORD-20260527-1638,Puja Roy,01648510043,SKU-1016,Razer Surge Protector,1,600,150,delivered,
2026-05-27,ORD-20260527-1878,Faisal Sikder,01528245263,SKU-1076,Flash Drive 64GB,1,1900,60,delivered,
2026-05-27,ORD-20260527-1902,Hasan Uddin,01956519693,SKU-1035,Logitech HDMI Cable (2m),1,800,80,delivered,
2026-05-26,ORD-20260526-1046,Priya Barman,01730114159,SKU-1061,Logitech UPS 650VA,1,5200,60,delivered,
2026-05-26,ORD-20260526-1452,Joy Barman,01636517762,SKU-1001,Surge Protector,1,1350,100,delivered,
2026-05-26,ORD-20260526-1461,Sushmita Paul,01698364242,SKU-1026,Anker Headphones with Mic,1,1950,120,delivered,
2026-05-26,ORD-20260526-1467,Ayesha Chowdhury,01761127191,SKU-1086,Anker Wireless Earbuds,1,9450,80,delivered,
2026-05-26,ORD-20260526-1605,Sadia Islam,01350096915,SKU-1091,Dell Headphones with Mic,1,9150,150,delivered,
2026-05-26,ORD-20260526-1851,Jannat Hossain,01834790146,SKU-1041,Samsung Surge Protector,1,1950,80,delivered,
2026-05-26,ORD-20260526-1975,Bappy Debnath,01580102060,SKU-1083,A4Tech Ethernet Cable (10m),1,550,60,delivered,
2026-05-25,ORD-20260525-1091,Bithi Barman,01991342215,SKU-1069,Gigabyte USB-C Hub,1,2900,120,delivered,
2026-05-25,ORD-20260525-1142,Noyon Nandi,01587731172,SKU-1017,Xiaomi Bluetooth Speaker,1,6500,80,delivered,
2026-05-25,ORD-20260525-1217,Mehedi Uddin,01923937957,SKU-1085,Surge Protector,1,1200,60,delivered,
2026-05-25,ORD-20260525-1242,Nusrat Alam,01956879440,SKU-1027,Xiaomi Bluetooth Speaker,1,1500,100,delivered,
2026-05-25,ORD-20260525-1627,Ayesha Chowdhury,01315186107,SKU-1046,Xiaomi Router Dual Band,1,5700,80,delivered,
2026-05-25,ORD-20260525-1840,Bithi Saha,01771991723,SKU-1088,Samsung HDMI Cable (5m),1,550,120,shipped,
2026-05-25,ORD-20260525-1964,Pritom Saha,01548033101,SKU-1008,LG Ethernet Cable (5m),1,350,150,delivered,
2026-05-24,ORD-20260524-1568,Sourav Karmakar,01715520161,SKU-1046,Xiaomi Router Dual Band,1,5700,120,delivered,
2026-05-24,ORD-20260524-1675,Opu Karmakar,01846377021,SKU-1072,Razer HDMI Cable (5m),1,250,150,delivered,
2026-05-23,ORD-20260523-1131,Sourav Karmakar,01715520161,SKU-1021,27-inch Monitor,1,26150,80,delivered,
2026-05-23,ORD-20260523-1205,Tania Sikder,01610869102,SKU-1068,Corsair USB-C Hub,1,4800,60,cancelled,
2026-05-23,ORD-20260523-1282,Bithi Das,01929766394,SKU-1080,27-inch Monitor,1,45250,80,delivered,
2026-05-23,ORD-20260523-1630,Noyon Nandi,01587731172,SKU-1070,Xiaomi Flash Drive 64GB,1,1400,60,delivered,
2026-05-23,ORD-20260523-1857,Ayesha Sarkar,01958037662,SKU-1010,Netgear SSD 500GB,1,8650,150,delivered,
2026-05-22,ORD-20260522-1012,Sabrina Sikder,01844951173,SKU-1081,Asus Power Strip (4 Port),1,600,150,delivered,
2026-05-22,ORD-20260522-1496,Mehedi Sikder,01888085727,SKU-1011,Xiaomi SSD 1TB,1,11300,120,delivered,
2026-05-22,ORD-20260522-1512,Priya Das,01731970384,SKU-1084,Anker Wi-Fi Range Extender,1,3700,120,returned,
2026-05-22,ORD-20260522-1580,Arif Khatun,01372070491,SKU-1084,Anker Wi-Fi Range Extender,1,3700,100,delivered,
2026-05-22,ORD-20260522-1873,Sabrina Ahmed,01970210103,SKU-1010,Netgear SSD 500GB,1,8650,60,delivered,
2026-05-22,ORD-20260522-1971,Tania Sikder,01610869102,SKU-1049,Anker 24-inch Monitor,1,30900,60,delivered,
2026-05-21,ORD-20260521-1089,Faisal Islam,01526182247,SKU-1031,A4Tech Surge Protector,1,1350,100,delivered,
2026-05-21,ORD-20260521-1391,Faisal Khatun,01366021788,SKU-1074,HP LED Desk Lamp,1,5550,80,delivered,
2026-05-20,ORD-20260520-1135,Puja Ghosh,01973691631,SKU-1057,Corsair Power Strip (6 Port),1,1100,100,delivered,
2026-05-20,ORD-20260520-1203,Sadia Alam,01912170545,SKU-1026,Anker Headphones with Mic,1,1950,100,delivered,
2026-05-20,ORD-20260520-1277,Faisal Ahmed,01946407128,SKU-1096,TP-Link Router Dual Band,1,4950,100,delivered,
2026-05-20,ORD-20260520-1425,Priya Roy,01328727398,SKU-1097,HP HDMI Cable (5m),1,300,150,delivered,
2026-05-20,ORD-20260520-1572,Ayesha Sikder,01893039917,SKU-1065,Ethernet Cable (10m),1,750,60,delivered,
2026-05-20,ORD-20260520-1681,Anik Karmakar,01679713056,SKU-1071,Anker Power Strip (4 Port),1,500,120,delivered,
2026-05-19,ORD-20260519-1044,Sushmoy Saha,01543714484,SKU-1028,Wi-Fi Range Extender,1,2000,60,delivered,
2026-05-19,ORD-20260519-1145,Faisal Sarkar,01348364287,SKU-1084,Anker Wi-Fi Range Extender,1,3700,60,delivered,
2026-05-19,ORD-20260519-1147,Sourav Karmakar,01827060320,SKU-1097,HP HDMI Cable (5m),1,300,150,delivered,
2026-05-19,ORD-20260519-1187,Sadia Islam,01350096915,SKU-1090,Anker Type-C to USB Cable,1,600,120,delivered,
2026-05-18,ORD-20260518-1387,Ankita Paul,01394087593,SKU-1075,Type-C to USB Cable,1,800,100,delivered,
2026-05-18,ORD-20260518-1912,Faisal Chowdhury,01729735220,SKU-1094,UPS 650VA,1,5500,60,delivered,
2026-05-17,ORD-20260517-1246,Rakib Hossain,01380069607,SKU-1001,Surge Protector,1,1350,150,returned,
2026-05-17,ORD-20260517-1347,Mahmud Sarkar,01687880075,SKU-1040,A4Tech USB-C Hub,1,3950,150,returned,
2026-05-17,ORD-20260517-1470,Bappy Karmakar,01744140976,SKU-1054,Gigabyte Wireless Earbuds,1,1650,60,delivered,
2026-05-17,ORD-20260517-1587,Sabrina Ahmed,01970210103,SKU-1008,LG Ethernet Cable (5m),1,350,60,delivered,
2026-05-16,ORD-20260516-1002,Mahmud Khatun,01353277343,SKU-1019,UPS 650VA,1,5300,120,shipped,
2026-05-16,ORD-20260516-1162,Opu Das,01640239959,SKU-1086,Anker Wireless Earbuds,1,9450,150,delivered,
2026-05-16,ORD-20260516-1327,Noyon Das,01673152168,SKU-1026,Anker Headphones with Mic,1,1950,100,cancelled,
2026-05-16,ORD-20260516-1468,Hasan Sarkar,01776412848,SKU-1095,LED Desk Lamp,1,1700,100,delivered,
2026-05-16,ORD-20260516-1535,Tahmina Mia,01678017056,SKU-1091,Dell Headphones with Mic,1,9150,150,delivered,
2026-05-16,ORD-20260516-1885,Bappy Saha,01682456685,SKU-1019,UPS 650VA,1,5300,80,delivered,
2026-05-15,ORD-20260515-1168,Tariq Ahmed,01874899273,SKU-1062,Dell Wi-Fi Range Extender,1,6150,120,delivered,
2026-05-15,ORD-20260515-1785,Sadia Haque,01798344812,SKU-1010,Netgear SSD 500GB,1,8650,120,delivered,
2026-05-14,ORD-20260514-1265,Sumaiya Akter,01742051828,SKU-1034,Dell HDMI Cable (2m),1,450,80,delivered,
2026-05-14,ORD-20260514-1267,Sabrina Haque,01947583721,SKU-1063,Ethernet Cable (5m),1,750,150,returned,
2026-05-14,ORD-20260514-1518,Nazmul Akter,01686498296,SKU-1023,Dell A4 Paper Pack (500 sheets),1,550,100,delivered,
2026-05-14,ORD-20260514-1770,Dip Paul,01363990540,SKU-1044,Netgear A4 Paper Pack (500 sheets),1,600,150,delivered,
2026-05-14,ORD-20260514-1803,Tariq Haque,01797385593,SKU-1079,HP Ethernet Cable (5m),1,950,60,delivered,
2026-05-13,ORD-20260513-1426,Bappy Barman,01917642551,SKU-1097,HP HDMI Cable (5m),1,300,80,delivered,
2026-05-13,ORD-20260513-1565,Tahmina Mia,01678017056,SKU-1010,Netgear SSD 500GB,1,8650,150,delivered,
2026-05-13,ORD-20260513-1850,Pritom Saha,01810796199,SKU-1041,Samsung Surge Protector,1,1950,80,delivered,
2026-05-12,ORD-20260512-1167,Nusrat Jahan,01623789920,SKU-1046,Xiaomi Router Dual Band,1,5700,120,delivered,
2026-05-12,ORD-20260512-1171,Tariq Haque,01797385593,SKU-1065,Ethernet Cable (10m),1,750,80,delivered,
2026-05-12,ORD-20260512-1302,Ayesha Mia,01819763725,SKU-1019,UPS 650VA,1,5300,150,delivered,
2026-05-12,ORD-20260512-1687,Faisal Haque,01841619947,SKU-1075,Type-C to USB Cable,1,800,80,delivered,
2026-05-12,ORD-20260512-1780,Imran Alam,01720546731,SKU-1039,Dell Surge Protector,1,800,150,delivered,
2026-05-12,ORD-20260512-1881,Faisal Alam,01759230930,SKU-1064,LG Power Strip (6 Port),1,750,120,cancelled,
2026-05-12,ORD-20260512-1903,Sushmita Ghosh,01562216674,SKU-1003,A4Tech Wireless Mouse,1,4800,100,pending,
2026-05-12,ORD-20260512-1933,Arif Hossain,01772841261,SKU-1057,Corsair Power Strip (6 Port),1,1100,120,delivered,
2026-05-11,ORD-20260511-1198,Ayesha Rahman,01764125607,SKU-1055,A4Tech Wireless Mouse,1,4150,60,delivered,
2026-05-11,ORD-20260511-1403,Nazmul Rahman,01546900829,SKU-1037,HP 24-inch Monitor,1,31150,120,pending,
2026-05-11,ORD-20260511-1458,Ankita Paul,01585996741,SKU-1093,Xiaomi LED Desk Lamp,1,1850,60,delivered,
2026-05-11,ORD-20260511-1956,Arif Ahmed,01548345550,SKU-1015,HP HDMI Cable (2m),1,300,80,processing,
2026-05-10,ORD-20260510-1083,Priya Nandi,01695123761,SKU-1085,Surge Protector,1,1200,60,processing,
2026-05-10,ORD-20260510-1284,Faisal Islam,01526182247,SKU-1017,Xiaomi Bluetooth Speaker,1,6500,80,returned,
2026-05-10,ORD-20260510-1367,Ayesha Rahman,01948145997,SKU-1069,Gigabyte USB-C Hub,1,2900,60,delivered,
2026-05-10,ORD-20260510-1514,Puja Ghosh,01632047183,SKU-1010,Netgear SSD 500GB,1,8650,150,processing,
2026-05-10,ORD-20260510-1942,Mehedi Akter,01392752759,SKU-1056,24-inch Monitor,1,37350,60,delivered,
2026-05-09,ORD-20260509-1006,Tahmina Jahan,01597080404,SKU-1064,LG Power Strip (6 Port),1,750,100,delivered,
2026-05-09,ORD-20260509-1448,Arif Chowdhury,01635343580,SKU-1010,Netgear SSD 500GB,1,8650,60,shipped,
2026-05-09,ORD-20260509-1579,Ayesha Rahman,01948145997,SKU-1048,Bluetooth Speaker,1,8550,80,delivered,
2026-05-09,ORD-20260509-1608,Shuvo Roy,01830116554,SKU-1058,Netgear Wireless Earbuds,1,10400,80,shipped,
2026-05-09,ORD-20260509-1950,Tahmina Hossain,01731991960,SKU-1021,27-inch Monitor,1,26150,60,returned,
2026-05-09,ORD-20260509-1958,Pritom Saha,01548033101,SKU-1009,Samsung Power Strip (6 Port),1,1150,60,pending,
2026-05-08,ORD-20260508-1021,Sadia Alam,01912170545,SKU-1061,Logitech UPS 650VA,1,5200,60,delivered,
2026-05-08,ORD-20260508-1053,Ayesha Sarkar,01958037662,SKU-1054,Gigabyte Wireless Earbuds,1,1650,60,shipped,
2026-05-08,ORD-20260508-1212,Arif Jahan,01747517947,SKU-1081,Asus Power Strip (4 Port),1,600,80,delivered,
2026-05-08,ORD-20260508-1709,Sabrina Rahman,01552590700,SKU-1048,Bluetooth Speaker,1,8550,150,cancelled,
2026-05-08,ORD-20260508-1974,Opu Karmakar,01846377021,SKU-1025,Razer SSD 1TB,1,4300,150,delivered,
2026-05-07,ORD-20260507-1048,Sadia Islam,01350096915,SKU-1091,Dell Headphones with Mic,1,9150,120,delivered,
2026-05-07,ORD-20260507-1262,Rasel Sikder,01381475685,SKU-1079,HP Ethernet Cable (5m),1,950,150,delivered,
2026-05-07,ORD-20260507-1320,Priya Roy,01328727398,SKU-1031,A4Tech Surge Protector,1,1350,120,delivered,
2026-05-07,ORD-20260507-1376,Ayesha Sarkar,01312674290,SKU-1060,Razer Mousepad (Large),1,400,120,delivered,
2026-05-07,ORD-20260507-1654,Tariq Haque,01797385593,SKU-1036,Netgear Type-C to USB Cable,1,200,120,delivered,
2026-05-07,ORD-20260507-1868,Bappy Karmakar,01744140976,SKU-1093,Xiaomi LED Desk Lamp,1,1850,150,cancelled,
2026-05-07,ORD-20260507-1894,Sabrina Mia,01894010817,SKU-1005,Razer Wireless Earbuds,1,8050,60,delivered,
2026-05-06,ORD-20260506-1106,Shuvo Roy,01830116554,SKU-1052,Corsair Power Strip (6 Port),1,800,150,delivered,
2026-05-06,ORD-20260506-1258,Ayesha Rahman,01764125607,SKU-1040,A4Tech USB-C Hub,1,3950,100,cancelled,
2026-05-06,ORD-20260506-1361,Mehedi Rahman,01673358706,SKU-1020,Wi-Fi Range Extender,1,3350,60,delivered,
2026-05-06,ORD-20260506-1807,Arif Hossain,01772841261,SKU-1083,A4Tech Ethernet Cable (10m),1,550,60,delivered,
2026-05-05,ORD-20260505-1261,Pritom Saha,01810796199,SKU-1004,A4Tech HDMI Cable (2m),1,1050,120,delivered,
2026-05-05,ORD-20260505-1759,Anik Das,01892570001,SKU-1059,Webcam 1080p,1,2950,100,delivered,
2026-05-05,ORD-20260505-1767,Tariq Uddin,01333104930,SKU-1061,Logitech UPS 650VA,1,5200,150,shipped,
2026-05-05,ORD-20260505-1792,Puja Barman,01795364531,SKU-1018,Ethernet Cable (5m),1,550,60,delivered,
2026-05-05,ORD-20260505-1862,Puja Ghosh,01973691631,SKU-1073,HP Power Strip (4 Port),1,1000,100,delivered,
2026-05-04,ORD-20260504-1398,Nazmul Hossain,01567027550,SKU-1024,Asus External HDD 1TB,1,6400,80,delivered,
2026-05-04,ORD-20260504-1554,Hasan Sarkar,01776412848,SKU-1080,27-inch Monitor,1,45250,100,delivered,
2026-05-04,ORD-20260504-1569,Sumaiya Akter,01975745020,SKU-1061,Logitech UPS 650VA,1,5200,80,delivered,
2026-05-04,ORD-20260504-1574,Tariq Mia,01519825193,SKU-1032,Gaming Mouse,1,4700,120,delivered,
2026-05-04,ORD-20260504-1621,Kamrul Jahan,01923472875,SKU-1051,Samsung Headphones with Mic,1,9450,100,delivered,
2026-05-04,ORD-20260504-1633,Tahmina Hossain,01916637650,SKU-1079,HP Ethernet Cable (5m),1,950,100,delivered,
2026-05-04,ORD-20260504-1752,Sourav Das,01331497695,SKU-1053,Netgear Mechanical Keyboard,1,1900,60,delivered,
2026-05-04,ORD-20260504-1830,Tahmina Khatun,01868381493,SKU-1030,Dell Bluetooth Speaker,1,1400,60,returned,
2026-05-04,ORD-20260504-1837,Tahmina Rahman,01929879057,SKU-1093,Xiaomi LED Desk Lamp,1,1850,60,delivered,
2026-05-04,ORD-20260504-1886,Arif Khatun,01372070491,SKU-1080,27-inch Monitor,1,45250,100,delivered,
2026-05-03,ORD-20260503-1033,Ayesha Uddin,01378478605,SKU-1075,Type-C to USB Cable,1,800,60,delivered,
2026-05-03,ORD-20260503-1071,Tahmina Rahman,01929879057,SKU-1041,Samsung Surge Protector,1,1950,120,delivered,
2026-05-03,ORD-20260503-1087,Farjana Hossain,01738840932,SKU-1028,Wi-Fi Range Extender,1,2000,100,delivered,
2026-05-03,ORD-20260503-1226,Jannat Hossain,01667149501,SKU-1098,24-inch Monitor,1,26700,120,delivered,
2026-05-03,ORD-20260503-1986,Pritom Das,01584436738,SKU-1083,A4Tech Ethernet Cable (10m),1,550,60,delivered,
2026-05-02,ORD-20260502-1015,Farjana Hossain,01738840932,SKU-1052,Corsair Power Strip (6 Port),1,800,100,delivered,
2026-05-02,ORD-20260502-1186,Nazmul Akter,01924725229,SKU-1087,Router Dual Band,1,4050,60,delivered,
2026-05-02,ORD-20260502-1540,Bappy Debnath,01580102060,SKU-1014,Logitech Surge Protector,1,850,150,delivered,
2026-05-02,ORD-20260502-1567,Rasel Sarkar,01689678847,SKU-1092,UPS 650VA,1,8500,100,processing,
2026-05-02,ORD-20260502-1615,Ayesha Sikder,01893039917,SKU-1012,Logitech UPS 650VA,1,4500,80,shipped,
2026-05-02,ORD-20260502-1856,Hasan Sarkar,01776412848,SKU-1091,Dell Headphones with Mic,1,9150,80,delivered,
2026-05-01,ORD-20260501-1399,Anik Nandi,01559885363,SKU-1045,HP USB-C Hub,1,2800,150,delivered,
2026-05-01,ORD-20260501-1421,Imran Alam,01720546731,SKU-1072,Razer HDMI Cable (5m),1,250,100,pending,
2026-05-01,ORD-20260501-1594,Pritom Roy,01884551800,SKU-1056,24-inch Monitor,1,37350,150,delivered,
2026-05-01,ORD-20260501-1596,Arif Ahmed,01548345550,SKU-1066,Netgear Ethernet Cable (5m),1,1050,80,delivered,
2026-05-01,ORD-20260501-1721,Opu Karmakar,01846377021,SKU-1060,Razer Mousepad (Large),1,400,150,delivered,
2026-05-01,ORD-20260501-1833,Joy Ghosh,01517040489,SKU-1084,Anker Wi-Fi Range Extender,1,3700,120,delivered,
2026-04-30,ORD-20260430-1122,Tariq Uddin,01333104930,SKU-1053,Netgear Mechanical Keyboard,1,1900,150,delivered,
2026-04-30,ORD-20260430-1158,Noyon Ghosh,01582535851,SKU-1071,Anker Power Strip (4 Port),1,500,120,shipped,
2026-04-30,ORD-20260430-1417,Nazmul Akter,01924725229,SKU-1013,HP UPS 650VA,1,6100,100,delivered,
2026-04-30,ORD-20260430-1439,Hasan Khatun,01631311035,SKU-1100,Samsung Ethernet Cable (5m),1,400,150,delivered,
2026-04-30,ORD-20260430-1829,Tariq Alam,01812196080,SKU-1051,Samsung Headphones with Mic,1,9450,80,delivered,
2026-04-29,ORD-20260429-1673,Priya Barman,01730114159,SKU-1063,Ethernet Cable (5m),1,750,80,delivered,
2026-04-28,ORD-20260428-1063,Dip Nandi,01882204504,SKU-1012,Logitech UPS 650VA,1,4500,100,delivered,
2026-04-28,ORD-20260428-1113,Joy Barman,01636517762,SKU-1023,Dell A4 Paper Pack (500 sheets),1,550,80,pending,
2026-04-28,ORD-20260428-1717,Nusrat Jahan,01623789920,SKU-1037,HP 24-inch Monitor,1,31150,150,delivered,
2026-04-28,ORD-20260428-1755,Rasel Chowdhury,01515658306,SKU-1089,HP 27-inch Monitor,1,27950,150,delivered,
2026-04-27,ORD-20260427-1440,Rakib Islam,01590968883,SKU-1072,Razer HDMI Cable (5m),1,250,120,delivered,
2026-04-27,ORD-20260427-1611,Sourav Roy,01382831304,SKU-1087,Router Dual Band,1,4050,60,returned,
2026-04-27,ORD-20260427-1854,Sushmoy Saha,01543714484,SKU-1087,Router Dual Band,1,4050,150,delivered,
2026-04-27,ORD-20260427-1888,Tahmina Ahmed,01955419933,SKU-1007,Headphones with Mic,1,7900,120,shipped,
2026-04-27,ORD-20260427-1892,Anik Nandi,01984043775,SKU-1075,Type-C to USB Cable,1,800,150,pending,
2026-04-26,ORD-20260426-1024,Sadia Haque,01798344812,SKU-1067,Samsung External HDD 1TB,1,9350,120,delivered,
2026-04-26,ORD-20260426-1062,Mahmud Khatun,01353277343,SKU-1031,A4Tech Surge Protector,1,1350,60,delivered,
2026-04-26,ORD-20260426-1188,Dip Debnath,01648975662,SKU-1013,HP UPS 650VA,1,6100,60,delivered,
2026-04-26,ORD-20260426-1202,Ankita Barman,01814490911,SKU-1011,Xiaomi SSD 1TB,1,11300,60,delivered,
2026-04-26,ORD-20260426-1317,Imran Ahmed,01744432497,SKU-1033,Xiaomi LED Desk Lamp,1,4350,60,shipped,
2026-04-25,ORD-20260425-1094,Tahmina Hossain,01916637650,SKU-1004,A4Tech HDMI Cable (2m),1,1050,80,delivered,
2026-04-25,ORD-20260425-1313,Puja Barman,01795364531,SKU-1033,Xiaomi LED Desk Lamp,1,4350,60,delivered,
2026-04-25,ORD-20260425-1395,Noyon Ghosh,01582535851,SKU-1011,Xiaomi SSD 1TB,1,11300,60,delivered,
2026-04-24,ORD-20260424-1067,Sourav Karmakar,01715520161,SKU-1011,Xiaomi SSD 1TB,1,11300,100,delivered,
2026-04-24,ORD-20260424-1817,Tahmina Jahan,01597080404,SKU-1052,Corsair Power Strip (6 Port),1,800,100,delivered,
2026-04-24,ORD-20260424-1913,Rasel Uddin,01866497091,SKU-1025,Razer SSD 1TB,1,4300,100,delivered,
2026-04-23,ORD-20260423-1037,Tariq Rahman,01359648937,SKU-1007,Headphones with Mic,1,7900,60,delivered,
2026-04-23,ORD-20260423-1054,Arif Sikder,01678458895,SKU-1096,TP-Link Router Dual Band,1,4950,150,returned,
2026-04-23,ORD-20260423-1114,Shuvo Ghosh,01385939321,SKU-1034,Dell HDMI Cable (2m),1,450,60,pending,
2026-04-23,ORD-20260423-1138,Pritom Roy,01884551800,SKU-1050,Anker Flash Drive 64GB,1,1200,80,returned,
2026-04-23,ORD-20260423-1299,Opu Karmakar,01733205317,SKU-1050,Anker Flash Drive 64GB,1,1200,100,delivered,
2026-04-23,ORD-20260423-1545,Ayesha Rahman,01764125607,SKU-1078,Netgear Gaming Mouse,1,4200,150,delivered,
2026-04-23,ORD-20260423-1657,Nazmul Hossain,01567027550,SKU-1021,27-inch Monitor,1,26150,60,delivered,
2026-04-23,ORD-20260423-1664,Ayesha Khatun,01743310125,SKU-1062,Dell Wi-Fi Range Extender,1,6150,120,delivered,
2026-04-23,ORD-20260423-1684,Rakib Hossain,01775231179,SKU-1013,HP UPS 650VA,1,6100,100,delivered,
2026-04-23,ORD-20260423-1720,Nusrat Jahan,01623789920,SKU-1024,Asus External HDD 1TB,1,6400,150,delivered,
2026-04-23,ORD-20260423-1738,Hasan Sarkar,01776412848,SKU-1018,Ethernet Cable (5m),1,550,100,shipped,
2026-04-23,ORD-20260423-1876,Tahmina Jahan,01597080404,SKU-1001,Surge Protector,1,1350,120,shipped,
2026-04-22,ORD-20260422-1723,Sabrina Haque,01947583721,SKU-1093,Xiaomi LED Desk Lamp,1,1850,60,delivered,
2026-04-22,ORD-20260422-1754,Hasan Sarkar,01776412848,SKU-1052,Corsair Power Strip (6 Port),1,800,80,delivered,
2026-04-21,ORD-20260421-1032,Sourav Dutta,01749446367,SKU-1081,Asus Power Strip (4 Port),1,600,60,delivered,
2026-04-21,ORD-20260421-1055,Noyon Ghosh,01976875300,SKU-1045,HP USB-C Hub,1,2800,150,shipped,
2026-04-21,ORD-20260421-1128,Joy Barman,01636517762,SKU-1037,HP 24-inch Monitor,1,31150,120,delivered,
2026-04-21,ORD-20260421-1349,Tahmina Hossain,01731991960,SKU-1046,Xiaomi Router Dual Band,1,5700,150,delivered,
2026-04-21,ORD-20260421-1405,Bithi Das,01929766394,SKU-1066,Netgear Ethernet Cable (5m),1,1050,80,delivered,
2026-04-21,ORD-20260421-1607,Hasan Chowdhury,01681213055,SKU-1055,A4Tech Wireless Mouse,1,4150,120,delivered,
2026-04-21,ORD-20260421-1763,Imran Hossain,01353545876,SKU-1047,LG Webcam 1080p,1,5550,60,delivered,
2026-04-21,ORD-20260421-1995,Tariq Sarkar,01978240667,SKU-1004,A4Tech HDMI Cable (2m),1,1050,60,delivered,
2026-04-20,ORD-20260420-1331,Sushmita Saha,01320876553,SKU-1008,LG Ethernet Cable (5m),1,350,100,delivered,
2026-04-20,ORD-20260420-1450,Priya Roy,01943766630,SKU-1024,Asus External HDD 1TB,1,6400,80,delivered,
2026-04-20,ORD-20260420-1552,Bappy Saha,01682456685,SKU-1004,A4Tech HDMI Cable (2m),1,1050,150,delivered,
2026-04-20,ORD-20260420-1598,Faisal Ahmed,01946407128,SKU-1062,Dell Wi-Fi Range Extender,1,6150,80,delivered,
2026-04-20,ORD-20260420-1931,Mahmud Sarkar,01687880075,SKU-1002,Xiaomi Mechanical Keyboard,1,6800,80,delivered,
2026-04-19,ORD-20260419-1026,Jannat Rahman,01995617380,SKU-1076,Flash Drive 64GB,1,1900,150,delivered,
2026-04-19,ORD-20260419-1161,Faisal Sarkar,01348364287,SKU-1010,Netgear SSD 500GB,1,8650,60,pending,
2026-04-19,ORD-20260419-1304,Dip Nandi,01882204504,SKU-1048,Bluetooth Speaker,1,8550,120,delivered,
2026-04-19,ORD-20260419-1794,Noyon Dutta,01770348866,SKU-1059,Webcam 1080p,1,2950,80,delivered,
2026-04-19,ORD-20260419-1875,Arif Rahman,01768080548,SKU-1077,A4Tech A4 Paper Pack (500 sheets),1,450,120,processing,
2026-04-19,ORD-20260419-1901,Sabrina Ahmed,01754881898,SKU-1039,Dell Surge Protector,1,800,120,delivered,
2026-04-18,ORD-20260418-1016,Ankita Nandi,01366327017,SKU-1065,Ethernet Cable (10m),1,750,60,delivered,
2026-04-18,ORD-20260418-1248,Noyon Nandi,01587731172,SKU-1016,Razer Surge Protector,1,600,100,delivered,
2026-04-18,ORD-20260418-1456,Hasan Khatun,01631311035,SKU-1008,LG Ethernet Cable (5m),1,350,120,delivered,
2026-04-17,ORD-20260417-1029,Ayesha Sarkar,01958037662,SKU-1056,24-inch Monitor,1,37350,60,delivered,
2026-04-17,ORD-20260417-1365,Sabrina Hossain,01648727053,SKU-1006,Asus Ethernet Cable (5m),1,800,100,delivered,
2026-04-17,ORD-20260417-1393,Sabrina Sarkar,01788918772,SKU-1013,HP UPS 650VA,1,6100,60,processing,
2026-04-17,ORD-20260417-1415,Noyon Ghosh,01976875300,SKU-1003,A4Tech Wireless Mouse,1,4800,100,cancelled,
2026-04-17,ORD-20260417-1623,Dip Bhowmik,01660925081,SKU-1077,A4Tech A4 Paper Pack (500 sheets),1,450,120,delivered,
2026-04-17,ORD-20260417-1740,Pritom Saha,01548033101,SKU-1065,Ethernet Cable (10m),1,750,80,pending,
2026-04-17,ORD-20260417-1805,Bappy Bhowmik,01370442615,SKU-1044,Netgear A4 Paper Pack (500 sheets),1,600,100,delivered,
2026-04-17,ORD-20260417-1816,Arif Jahan,01525606484,SKU-1097,HP HDMI Cable (5m),1,300,120,delivered,
2026-04-16,ORD-20260416-1220,Sushmita Nandi,01590160965,SKU-1001,Surge Protector,1,1350,150,delivered,
2026-04-16,ORD-20260416-1523,Noyon Dutta,01770348866,SKU-1036,Netgear Type-C to USB Cable,1,200,80,delivered,
2026-04-16,ORD-20260416-1570,Hasan Sarkar,01776412848,SKU-1094,UPS 650VA,1,5500,60,delivered,
2026-04-16,ORD-20260416-1644,Priya Roy,01943766630,SKU-1034,Dell HDMI Cable (2m),1,450,150,delivered,
2026-04-16,ORD-20260416-1889,Anik Das,01981347922,SKU-1019,UPS 650VA,1,5300,120,processing,
2026-04-15,ORD-20260415-1181,Bappy Barman,01917642551,SKU-1007,Headphones with Mic,1,7900,150,shipped,
2026-04-15,ORD-20260415-1656,Faisal Islam,01694559770,SKU-1051,Samsung Headphones with Mic,1,9450,100,delivered,
2026-04-15,ORD-20260415-1844,Sushmoy Debnath,01595174942,SKU-1075,Type-C to USB Cable,1,800,150,delivered,
2026-04-14,ORD-20260414-1123,Bappy Debnath,01580102060,SKU-1007,Headphones with Mic,1,7900,150,shipped,
2026-04-14,ORD-20260414-1479,Mehedi Jahan,01918614876,SKU-1094,UPS 650VA,1,5500,120,delivered,
2026-04-13,ORD-20260413-1273,Anik Nandi,01559885363,SKU-1020,Wi-Fi Range Extender,1,3350,120,delivered,
2026-04-13,ORD-20260413-1341,Noyon Ghosh,01582535851,SKU-1048,Bluetooth Speaker,1,8550,150,delivered,
2026-04-13,ORD-20260413-1379,Bithi Dutta,01955511498,SKU-1056,24-inch Monitor,1,37350,60,delivered,
2026-04-13,ORD-20260413-1492,Tahmina Ahmed,01955419933,SKU-1010,Netgear SSD 500GB,1,8650,80,delivered,
2026-04-13,ORD-20260413-1787,Sadia Alam,01912170545,SKU-1015,HP HDMI Cable (2m),1,300,80,delivered,
2026-04-12,ORD-20260412-1377,Mahmud Haque,01738184539,SKU-1002,Xiaomi Mechanical Keyboard,1,6800,100,delivered,
2026-04-12,ORD-20260412-1423,Ayesha Chowdhury,01891714361,SKU-1033,Xiaomi LED Desk Lamp,1,4350,80,delivered,
2026-04-12,ORD-20260412-1577,Tariq Mia,01519825193,SKU-1077,A4Tech A4 Paper Pack (500 sheets),1,450,60,delivered,
2026-04-12,ORD-20260412-1756,Sabrina Haque,01947583721,SKU-1094,UPS 650VA,1,5500,80,delivered,
2026-04-12,ORD-20260412-1848,Opu Karmakar,01956464395,SKU-1096,TP-Link Router Dual Band,1,4950,100,delivered,
2026-04-12,ORD-20260412-1929,Hasan Sikder,01846873908,SKU-1049,Anker 24-inch Monitor,1,30900,150,delivered,
2026-04-11,ORD-20260411-1058,Nusrat Sarkar,01386700081,SKU-1026,Anker Headphones with Mic,1,1950,100,pending,
2026-04-11,ORD-20260411-1254,Bithi Dutta,01955511498,SKU-1066,Netgear Ethernet Cable (5m),1,1050,100,delivered,
2026-04-10,ORD-20260410-1462,Faisal Islam,01694559770,SKU-1075,Type-C to USB Cable,1,800,120,delivered,
2026-04-10,ORD-20260410-1528,Ankita Paul,01394087593,SKU-1052,Corsair Power Strip (6 Port),1,800,120,processing,
2026-04-10,ORD-20260410-1698,Sadia Islam,01350096915,SKU-1059,Webcam 1080p,1,2950,60,delivered,
2026-04-10,ORD-20260410-1799,Sushmoy Debnath,01595174942,SKU-1099,TP-Link Wi-Fi Range Extender,1,4350,150,delivered,
2026-04-09,ORD-20260409-1004,Mehedi Sikder,01318544201,SKU-1005,Razer Wireless Earbuds,1,8050,120,processing,
2026-04-09,ORD-20260409-1082,Bappy Saha,01682456685,SKU-1067,Samsung External HDD 1TB,1,9350,150,processing,
2026-04-09,ORD-20260409-1184,Faisal Islam,01526182247,SKU-1085,Surge Protector,1,1200,60,delivered,
2026-04-09,ORD-20260409-1410,Sushmoy Debnath,01595174942,SKU-1035,Logitech HDMI Cable (2m),1,800,60,cancelled,
2026-04-09,ORD-20260409-1441,Bithi Barman,01991342215,SKU-1042,Xiaomi Ethernet Cable (5m),1,450,100,delivered,
2026-04-09,ORD-20260409-1735,Bappy Debnath,01580102060,SKU-1026,Anker Headphones with Mic,1,1950,100,delivered,
2026-04-08,ORD-20260408-1385,Tahmina Hossain,01731991960,SKU-1055,A4Tech Wireless Mouse,1,4150,80,delivered,
2026-04-08,ORD-20260408-1601,Jannat Hossain,01667149501,SKU-1046,Xiaomi Router Dual Band,1,5700,60,delivered,
2026-04-08,ORD-20260408-1629,Dip Nandi,01752266169,SKU-1037,HP 24-inch Monitor,1,31150,80,delivered,
2026-04-08,ORD-20260408-1989,Mahmud Hossain,01535921633,SKU-1020,Wi-Fi Range Extender,1,3350,100,delivered,
2026-04-07,ORD-20260407-1079,Dip Nandi,01752266169,SKU-1004,A4Tech HDMI Cable (2m),1,1050,100,delivered,
2026-04-07,ORD-20260407-1588,Noyon Dutta,01794855610,SKU-1078,Netgear Gaming Mouse,1,4200,60,pending,
2026-04-06,ORD-20260406-1072,Jannat Sikder,01767736772,SKU-1059,Webcam 1080p,1,2950,120,delivered,
2026-04-06,ORD-20260406-1084,Mehedi Rahman,01979104547,SKU-1035,Logitech HDMI Cable (2m),1,800,150,delivered,
2026-04-06,ORD-20260406-1197,Hasan Khatun,01631311035,SKU-1054,Gigabyte Wireless Earbuds,1,1650,150,delivered,
2026-04-06,ORD-20260406-1651,Pritom Saha,01367562007,SKU-1047,LG Webcam 1080p,1,5550,120,delivered,
2026-04-06,ORD-20260406-1960,Faisal Islam,01694559770,SKU-1064,LG Power Strip (6 Port),1,750,80,delivered,
2026-04-05,ORD-20260405-1061,Anik Nandi,01559885363,SKU-1027,Xiaomi Bluetooth Speaker,1,1500,150,delivered,
2026-04-05,ORD-20260405-1144,Sabrina Rahman,01552590700,SKU-1011,Xiaomi SSD 1TB,1,11300,120,delivered,
2026-04-05,ORD-20260405-1590,Sabrina Sarkar,01788918772,SKU-1073,HP Power Strip (4 Port),1,1000,60,delivered,
2026-04-04,ORD-20260404-1121,Ankita Paul,01394087593,SKU-1029,Logitech Ethernet Cable (10m),1,400,60,delivered,
2026-04-04,ORD-20260404-1386,Ayesha Khatun,01743310125,SKU-1096,TP-Link Router Dual Band,1,4950,120,delivered,
2026-04-04,ORD-20260404-1414,Arif Rahman,01768080548,SKU-1016,Razer Surge Protector,1,600,80,delivered,
2026-04-04,ORD-20260404-1725,Anik Nandi,01559885363,SKU-1024,Asus External HDD 1TB,1,6400,120,delivered,
2026-04-03,ORD-20260403-1086,Tahmina Akter,01528192562,SKU-1082,Asus HDMI Cable (5m),1,1050,120,delivered,
2026-04-03,ORD-20260403-1328,Jannat Mia,01562529571,SKU-1026,Anker Headphones with Mic,1,1950,100,cancelled,
2026-04-03,ORD-20260403-1400,Faisal Alam,01759230930,SKU-1057,Corsair Power Strip (6 Port),1,1100,100,pending,
2026-04-03,ORD-20260403-1451,Rasel Hossain,01519361166,SKU-1054,Gigabyte Wireless Earbuds,1,1650,60,delivered,
2026-04-03,ORD-20260403-1519,Mahmud Hossain,01535921633,SKU-1083,A4Tech Ethernet Cable (10m),1,550,100,delivered,
2026-04-02,ORD-20260402-1515,Priya Paul,01976913601,SKU-1051,Samsung Headphones with Mic,1,9450,120,delivered,
2026-04-02,ORD-20260402-1944,Hasan Sikder,01543250104,SKU-1065,Ethernet Cable (10m),1,750,120,delivered,
2026-04-01,ORD-20260401-1110,Sourav Das,01331497695,SKU-1001,Surge Protector,1,1350,150,shipped,
2026-04-01,ORD-20260401-1449,Ayesha Chowdhury,01761127191,SKU-1030,Dell Bluetooth Speaker,1,1400,120,delivered,
2026-04-01,ORD-20260401-1495,Bithi Saha,01771991723,SKU-1065,Ethernet Cable (10m),1,750,80,pending,
2026-04-01,ORD-20260401-1618,Priya Paul,01574594155,SKU-1092,UPS 650VA,1,8500,120,delivered,
2026-04-01,ORD-20260401-1765,Bithi Saha,01771991723,SKU-1019,UPS 650VA,1,5300,150,delivered,
2026-04-01,ORD-20260401-1918,Dip Paul,01363990540,SKU-1010,Netgear SSD 500GB,1,8650,120,processing,
2026-04-01,ORD-20260401-1997,Anik Debnath,01859169160,SKU-1013,HP UPS 650VA,1,6100,100,delivered,
2026-03-31,ORD-20260331-1504,Ayesha Sikder,01893039917,SKU-1008,LG Ethernet Cable (5m),1,350,80,shipped,
2026-03-31,ORD-20260331-1650,Ayesha Chowdhury,01315186107,SKU-1016,Razer Surge Protector,1,600,100,cancelled,
2026-03-31,ORD-20260331-1825,Nazmul Akter,01924725229,SKU-1020,Wi-Fi Range Extender,1,3350,60,delivered,
2026-03-30,ORD-20260330-1117,Joy Ghosh,01517040489,SKU-1022,Laptop Stand,1,1050,120,pending,
2026-03-30,ORD-20260330-1366,Shuvo Paul,01828767275,SKU-1010,Netgear SSD 500GB,1,8650,60,delivered,
2026-03-30,ORD-20260330-1506,Ayesha Chowdhury,01315186107,SKU-1009,Samsung Power Strip (6 Port),1,1150,80,delivered,
2026-03-30,ORD-20260330-1527,Rakib Jahan,01587727342,SKU-1004,A4Tech HDMI Cable (2m),1,1050,100,delivered,
2026-03-29,ORD-20260329-1008,Sabrina Mia,01544518387,SKU-1040,A4Tech USB-C Hub,1,3950,80,pending,
2026-03-29,ORD-20260329-1175,Sushmoy Saha,01543714484,SKU-1055,A4Tech Wireless Mouse,1,4150,150,delivered,
2026-03-29,ORD-20260329-1247,Tahmina Rahman,01929879057,SKU-1048,Bluetooth Speaker,1,8550,60,shipped,
2026-03-29,ORD-20260329-1276,Ankita Nandi,01366327017,SKU-1010,Netgear SSD 500GB,1,8650,60,delivered,
2026-03-29,ORD-20260329-1433,Sourav Dutta,01749446367,SKU-1077,A4Tech A4 Paper Pack (500 sheets),1,450,120,delivered,
2026-03-29,ORD-20260329-1593,Mahmud Jahan,01751257628,SKU-1019,UPS 650VA,1,5300,60,delivered,
2026-03-29,ORD-20260329-1769,Tariq Uddin,01333104930,SKU-1059,Webcam 1080p,1,2950,60,delivered,
2026-03-29,ORD-20260329-1790,Arif Khatun,01372070491,SKU-1064,LG Power Strip (6 Port),1,750,60,delivered,
2026-03-29,ORD-20260329-1841,Sabrina Haque,01947583721,SKU-1014,Logitech Surge Protector,1,850,100,delivered,
2026-03-29,ORD-20260329-1978,Tariq Ahmed,01874899273,SKU-1042,Xiaomi Ethernet Cable (5m),1,450,60,delivered,
2026-03-28,ORD-20260328-1967,Joy Barman,01636517762,SKU-1088,Samsung HDMI Cable (5m),1,550,120,delivered,
2026-03-27,ORD-20260327-1355,Rasel Chowdhury,01515658306,SKU-1072,Razer HDMI Cable (5m),1,250,80,shipped,
2026-03-27,ORD-20260327-1494,Arif Jahan,01747517947,SKU-1094,UPS 650VA,1,5500,60,pending,
2026-03-27,ORD-20260327-1603,Tahmina Sikder,01697236641,SKU-1060,Razer Mousepad (Large),1,400,80,processing,
2026-03-27,ORD-20260327-1662,Pritom Saha,01367562007,SKU-1037,HP 24-inch Monitor,1,31150,60,delivered,
2026-03-27,ORD-20260327-1797,Farjana Rahman,01553513627,SKU-1058,Netgear Wireless Earbuds,1,10400,120,cancelled,
2026-03-26,ORD-20260326-1030,Nusrat Alam,01956879440,SKU-1070,Xiaomi Flash Drive 64GB,1,1400,60,delivered,
2026-03-26,ORD-20260326-1177,Sabrina Uddin,01360866078,SKU-1027,Xiaomi Bluetooth Speaker,1,1500,80,delivered,
2026-03-26,ORD-20260326-1382,Tania Ahmed,01328837712,SKU-1074,HP LED Desk Lamp,1,5550,60,delivered,
2026-03-26,ORD-20260326-1445,Imran Chowdhury,01659503675,SKU-1084,Anker Wi-Fi Range Extender,1,3700,150,delivered,
2026-03-26,ORD-20260326-1507,Tahmina Hossain,01731991960,SKU-1020,Wi-Fi Range Extender,1,3350,150,cancelled,
2026-03-26,ORD-20260326-1715,Mehedi Jahan,01637242462,SKU-1014,Logitech Surge Protector,1,850,80,delivered,
2026-03-26,ORD-20260326-1729,Sushmita Das,01845243734,SKU-1007,Headphones with Mic,1,7900,60,delivered,
2026-03-25,ORD-20260325-1140,Tahmina Ahmed,01955419933,SKU-1006,Asus Ethernet Cable (5m),1,800,120,delivered,
2026-03-25,ORD-20260325-1269,Pritom Saha,01367562007,SKU-1083,A4Tech Ethernet Cable (10m),1,550,150,delivered,
2026-03-25,ORD-20260325-1290,Imran Haque,01576275082,SKU-1022,Laptop Stand,1,1050,100,delivered,
2026-03-25,ORD-20260325-1532,Hasan Sarkar,01329111800,SKU-1038,Xiaomi Mousepad (Large),1,1700,100,delivered,
2026-03-25,ORD-20260325-1990,Dip Nandi,01882204504,SKU-1079,HP Ethernet Cable (5m),1,950,80,delivered,
2026-03-24,ORD-20260324-1196,Pritom Das,01348350921,SKU-1021,27-inch Monitor,1,26150,120,delivered,
2026-03-24,ORD-20260324-1338,Ayesha Mia,01521382157,SKU-1053,Netgear Mechanical Keyboard,1,1900,60,cancelled,
2026-03-24,ORD-20260324-1547,Rakib Alam,01644074559,SKU-1027,Xiaomi Bluetooth Speaker,1,1500,100,delivered,
2026-03-24,ORD-20260324-1719,Sourav Das,01331497695,SKU-1050,Anker Flash Drive 64GB,1,1200,150,delivered,
2026-03-23,ORD-20260323-1287,Sushmita Bhowmik,01617430623,SKU-1049,Anker 24-inch Monitor,1,30900,60,returned,
2026-03-23,ORD-20260323-1585,Pritom Bhowmik,01657039798,SKU-1072,Razer HDMI Cable (5m),1,250,120,delivered,
2026-03-23,ORD-20260323-1646,Mehedi Jahan,01637242462,SKU-1075,Type-C to USB Cable,1,800,120,delivered,
2026-03-23,ORD-20260323-1712,Nusrat Khatun,01756709908,SKU-1050,Anker Flash Drive 64GB,1,1200,100,delivered,
2026-03-23,ORD-20260323-1743,Pritom Karmakar,01835446842,SKU-1049,Anker 24-inch Monitor,1,30900,100,delivered,
2026-03-23,ORD-20260323-1877,Tariq Uddin,01333104930,SKU-1063,Ethernet Cable (5m),1,750,60,delivered,
2026-03-22,ORD-20260322-1490,Sadia Alam,01912170545,SKU-1062,Dell Wi-Fi Range Extender,1,6150,120,delivered,
2026-03-22,ORD-20260322-1612,Rasel Uddin,01866497091,SKU-1088,Samsung HDMI Cable (5m),1,550,120,delivered,
2026-03-22,ORD-20260322-1652,Faisal Chowdhury,01729735220,SKU-1086,Anker Wireless Earbuds,1,9450,150,processing,
2026-03-22,ORD-20260322-1746,Sumaiya Akter,01975745020,SKU-1094,UPS 650VA,1,5500,120,delivered,
2026-03-22,ORD-20260322-1849,Sourav Karmakar,01715520161,SKU-1053,Netgear Mechanical Keyboard,1,1900,100,delivered,
2026-03-22,ORD-20260322-1855,Pritom Saha,01810796199,SKU-1034,Dell HDMI Cable (2m),1,450,60,delivered,
2026-03-21,ORD-20260321-1221,Puja Ghosh,01973691631,SKU-1063,Ethernet Cable (5m),1,750,150,delivered,
2026-03-21,ORD-20260321-1340,Nazmul Rahman,01392773075,SKU-1053,Netgear Mechanical Keyboard,1,1900,150,delivered,
2026-03-21,ORD-20260321-1487,Rakib Hossain,01775231179,SKU-1037,HP 24-inch Monitor,1,31150,120,shipped,
2026-03-21,ORD-20260321-1493,Mahmud Hossain,01535921633,SKU-1028,Wi-Fi Range Extender,1,2000,120,delivered,
2026-03-21,ORD-20260321-1776,Noyon Nandi,01587731172,SKU-1039,Dell Surge Protector,1,800,80,returned,
2026-03-21,ORD-20260321-1784,Dip Ghosh,01611786478,SKU-1049,Anker 24-inch Monitor,1,30900,120,delivered,
2026-03-20,ORD-20260320-1065,Sabrina Ahmed,01970210103,SKU-1090,Anker Type-C to USB Cable,1,600,60,pending,
2026-03-20,ORD-20260320-1373,Dip Nandi,01882204504,SKU-1025,Razer SSD 1TB,1,4300,150,pending,
2026-03-20,ORD-20260320-1541,Arif Jahan,01525606484,SKU-1015,HP HDMI Cable (2m),1,300,80,delivered,
2026-03-20,ORD-20260320-1643,Pritom Nandi,01397785731,SKU-1057,Corsair Power Strip (6 Port),1,1100,100,delivered,
2026-03-20,ORD-20260320-1750,Anik Debnath,01859169160,SKU-1031,A4Tech Surge Protector,1,1350,100,shipped,
2026-03-20,ORD-20260320-1768,Sourav Das,01331497695,SKU-1011,Xiaomi SSD 1TB,1,11300,120,delivered,
2026-03-20,ORD-20260320-1795,Tariq Rahman,01359648937,SKU-1057,Corsair Power Strip (6 Port),1,1100,100,delivered,
2026-03-20,ORD-20260320-1934,Sushmita Ghosh,01562216674,SKU-1044,Netgear A4 Paper Pack (500 sheets),1,600,60,returned,
2026-03-20,ORD-20260320-1941,Mahmud Jahan,01972512950,SKU-1089,HP 27-inch Monitor,1,27950,80,delivered,
2026-03-20,ORD-20260320-1945,Dip Nandi,01882204504,SKU-1058,Netgear Wireless Earbuds,1,10400,60,pending,
2026-03-19,ORD-20260319-1111,Nusrat Akter,01770848605,SKU-1042,Xiaomi Ethernet Cable (5m),1,450,150,delivered,
2026-03-19,ORD-20260319-1250,Faisal Chowdhury,01729735220,SKU-1088,Samsung HDMI Cable (5m),1,550,80,returned,
2026-03-19,ORD-20260319-1251,Rakib Islam,01590968883,SKU-1005,Razer Wireless Earbuds,1,8050,60,delivered,
2026-03-19,ORD-20260319-1722,Tahmina Hossain,01916637650,SKU-1036,Netgear Type-C to USB Cable,1,200,100,returned,
2026-03-19,ORD-20260319-1809,Pritom Barman,01676496258,SKU-1053,Netgear Mechanical Keyboard,1,1900,120,delivered,
2026-03-19,ORD-20260319-1957,Imran Khatun,01849967904,SKU-1057,Corsair Power Strip (6 Port),1,1100,60,delivered,
2026-03-19,ORD-20260319-1963,Imran Sarkar,01329356191,SKU-1031,A4Tech Surge Protector,1,1350,100,delivered,
2026-03-19,ORD-20260319-1977,Tariq Ahmed,01874899273,SKU-1096,TP-Link Router Dual Band,1,4950,80,delivered,
2026-03-18,ORD-20260318-1100,Ankita Paul,01394087593,SKU-1029,Logitech Ethernet Cable (10m),1,400,150,delivered,
2026-03-18,ORD-20260318-1211,Sushmoy Ghosh,01916527083,SKU-1009,Samsung Power Strip (6 Port),1,1150,120,delivered,
2026-03-18,ORD-20260318-1550,Tahmina Sikder,01851363615,SKU-1072,Razer HDMI Cable (5m),1,250,120,delivered,
2026-03-18,ORD-20260318-1899,Kamrul Ahmed,01870146539,SKU-1073,HP Power Strip (4 Port),1,1000,150,delivered,
2026-03-18,ORD-20260318-1951,Ayesha Chowdhury,01315186107,SKU-1008,LG Ethernet Cable (5m),1,350,150,delivered,
2026-03-17,ORD-20260317-1216,Ankita Paul,01394087593,SKU-1025,Razer SSD 1TB,1,4300,120,delivered,
2026-03-17,ORD-20260317-1305,Nusrat Sikder,01669454172,SKU-1066,Netgear Ethernet Cable (5m),1,1050,60,cancelled,
2026-03-17,ORD-20260317-1521,Sadia Islam,01350096915,SKU-1019,UPS 650VA,1,5300,100,processing,
2026-03-17,ORD-20260317-1624,Puja Dutta,01842136612,SKU-1078,Netgear Gaming Mouse,1,4200,120,delivered,
2026-03-17,ORD-20260317-1777,Opu Karmakar,01733205317,SKU-1009,Samsung Power Strip (6 Port),1,1150,60,delivered,
2026-03-17,ORD-20260317-1993,Tania Sikder,01610869102,SKU-1018,Ethernet Cable (5m),1,550,80,delivered,
2026-03-16,ORD-20260316-1009,Arif Hossain,01772841261,SKU-1068,Corsair USB-C Hub,1,4800,80,delivered,
2026-03-16,ORD-20260316-1102,Ayesha Sarkar,01628410201,SKU-1053,Netgear Mechanical Keyboard,1,1900,120,delivered,
2026-03-16,ORD-20260316-1436,Farjana Uddin,01678424077,SKU-1089,HP 27-inch Monitor,1,27950,120,delivered,
2026-03-16,ORD-20260316-1571,Nazmul Rahman,01546900829,SKU-1092,UPS 650VA,1,8500,100,delivered,
2026-03-16,ORD-20260316-1865,Tahmina Rahman,01929879057,SKU-1013,HP UPS 650VA,1,6100,120,cancelled,
2026-03-16,ORD-20260316-1947,Joy Barman,01636517762,SKU-1045,HP USB-C Hub,1,2800,80,delivered,
2026-03-14,ORD-20260314-1041,Arif Chowdhury,01635343580,SKU-1064,LG Power Strip (6 Port),1,750,100,delivered,
2026-03-14,ORD-20260314-1238,Sabrina Alam,01510820902,SKU-1066,Netgear Ethernet Cable (5m),1,1050,80,delivered,
2026-03-14,ORD-20260314-1741,Rakib Islam,01590968883,SKU-1096,TP-Link Router Dual Band,1,4950,150,delivered,
2026-03-13,ORD-20260313-1401,Sourav Paul,01854602938,SKU-1071,Anker Power Strip (4 Port),1,500,100,delivered,
2026-03-13,ORD-20260313-1491,Puja Roy,01648510043,SKU-1045,HP USB-C Hub,1,2800,80,delivered,
2026-03-13,ORD-20260313-1549,Hasan Sarkar,01776412848,SKU-1057,Corsair Power Strip (6 Port),1,1100,80,delivered,
2026-03-13,ORD-20260313-1791,Ankita Saha,01726806933,SKU-1093,Xiaomi LED Desk Lamp,1,1850,60,delivered,
2026-03-12,ORD-20260312-1038,Pritom Roy,01884551800,SKU-1001,Surge Protector,1,1350,150,delivered,
2026-03-12,ORD-20260312-1155,Puja Barman,01795364531,SKU-1048,Bluetooth Speaker,1,8550,100,delivered,
2026-03-12,ORD-20260312-1182,Faisal Chowdhury,01729735220,SKU-1017,Xiaomi Bluetooth Speaker,1,6500,80,shipped,
2026-03-12,ORD-20260312-1330,Sumaiya Haque,01623833129,SKU-1025,Razer SSD 1TB,1,4300,150,delivered,
2026-03-12,ORD-20260312-1444,Noyon Nandi,01587731172,SKU-1025,Razer SSD 1TB,1,4300,60,delivered,
2026-03-12,ORD-20260312-1728,Rasel Sikder,01381475685,SKU-1096,TP-Link Router Dual Band,1,4950,80,delivered,
2026-03-12,ORD-20260312-1732,Ankita Nandi,01366327017,SKU-1075,Type-C to USB Cable,1,800,80,delivered,
2026-03-12,ORD-20260312-1786,Mahmud Jahan,01972512950,SKU-1064,LG Power Strip (6 Port),1,750,120,shipped,
2026-03-12,ORD-20260312-1808,Sadia Ahmed,01715808507,SKU-1079,HP Ethernet Cable (5m),1,950,100,shipped,
2026-03-12,ORD-20260312-1834,Mahmud Hossain,01535921633,SKU-1069,Gigabyte USB-C Hub,1,2900,100,delivered,
2026-03-12,ORD-20260312-1847,Sushmita Paul,01698364242,SKU-1011,Xiaomi SSD 1TB,1,11300,120,delivered,
2026-03-11,ORD-20260311-1129,Nazmul Rahman,01546900829,SKU-1007,Headphones with Mic,1,7900,80,processing,
2026-03-11,ORD-20260311-1174,Kamrul Jahan,01923472875,SKU-1008,LG Ethernet Cable (5m),1,350,120,delivered,
2026-03-11,ORD-20260311-1375,Sourav Paul,01854602938,SKU-1059,Webcam 1080p,1,2950,150,delivered,
2026-03-11,ORD-20260311-1916,Faisal Haque,01841619947,SKU-1100,Samsung Ethernet Cable (5m),1,400,150,delivered,
2026-03-10,ORD-20260310-1692,Rasel Uddin,01866497091,SKU-1064,LG Power Strip (6 Port),1,750,60,delivered,
2026-03-10,ORD-20260310-1909,Sourav Dutta,01749446367,SKU-1043,Mechanical Keyboard,1,5650,100,delivered,
2026-03-09,ORD-20260309-1402,Bappy Barman,01917642551,SKU-1021,27-inch Monitor,1,26150,80,delivered,
2026-03-08,ORD-20260308-1259,Puja Paul,01589708992,SKU-1025,Razer SSD 1TB,1,4300,60,shipped,
2026-03-08,ORD-20260308-1326,Sumaiya Rahman,01882623517,SKU-1046,Xiaomi Router Dual Band,1,5700,60,delivered,
2026-03-08,ORD-20260308-1473,Sushmoy Saha,01543714484,SKU-1099,TP-Link Wi-Fi Range Extender,1,4350,120,delivered,
2026-03-08,ORD-20260308-1536,Sumaiya Rahman,01882623517,SKU-1049,Anker 24-inch Monitor,1,30900,120,delivered,
2026-03-08,ORD-20260308-1581,Mehedi Rahman,01979104547,SKU-1075,Type-C to USB Cable,1,800,150,delivered,
2026-03-08,ORD-20260308-1697,Mahmud Hossain,01535921633,SKU-1011,Xiaomi SSD 1TB,1,11300,80,cancelled,
2026-03-07,ORD-20260307-1272,Bithi Nandi,01551347737,SKU-1066,Netgear Ethernet Cable (5m),1,1050,60,delivered,
2026-03-07,ORD-20260307-1510,Imran Haque,01576275082,SKU-1065,Ethernet Cable (10m),1,750,120,delivered,
2026-03-07,ORD-20260307-1614,Tahmina Akter,01776306688,SKU-1076,Flash Drive 64GB,1,1900,80,delivered,
2026-03-06,ORD-20260306-1191,Faisal Sikder,01528245263,SKU-1061,Logitech UPS 650VA,1,5200,150,delivered,
2026-03-06,ORD-20260306-1255,Imran Haque,01576275082,SKU-1014,Logitech Surge Protector,1,850,80,delivered,
2026-03-06,ORD-20260306-1264,Sourav Karmakar,01715520161,SKU-1017,Xiaomi Bluetooth Speaker,1,6500,150,delivered,
2026-03-06,ORD-20260306-1711,Nazmul Akter,01686498296,SKU-1013,HP UPS 650VA,1,6100,100,delivered,
2026-03-06,ORD-20260306-1779,Bithi Nandi,01551347737,SKU-1048,Bluetooth Speaker,1,8550,120,delivered,
2026-03-06,ORD-20260306-1994,Sabrina Alam,01510820902,SKU-1098,24-inch Monitor,1,26700,80,cancelled,
2026-03-05,ORD-20260305-1035,Farjana Hossain,01738840932,SKU-1017,Xiaomi Bluetooth Speaker,1,6500,100,delivered,
2026-03-05,ORD-20260305-1149,Imran Chowdhury,01659503675,SKU-1047,LG Webcam 1080p,1,5550,100,delivered,
2026-03-05,ORD-20260305-1378,Mahmud Hossain,01535921633,SKU-1015,HP HDMI Cable (2m),1,300,120,delivered,
2026-03-05,ORD-20260305-1434,Pritom Das,01584436738,SKU-1008,LG Ethernet Cable (5m),1,350,100,pending,
2026-03-05,ORD-20260305-1531,Tahmina Sikder,01622845855,SKU-1032,Gaming Mouse,1,4700,100,delivered,
2026-03-05,ORD-20260305-1582,Anik Das,01981347922,SKU-1012,Logitech UPS 650VA,1,4500,120,delivered,
2026-03-05,ORD-20260305-2000,Priya Das,01731970384,SKU-1007,Headphones with Mic,1,7900,80,delivered,
2026-03-04,ORD-20260304-1104,Ankita Nandi,01366327017,SKU-1064,LG Power Strip (6 Port),1,750,80,delivered,
2026-03-04,ORD-20260304-1170,Ayesha Sarkar,01312674290,SKU-1037,HP 24-inch Monitor,1,31150,120,delivered,
2026-03-04,ORD-20260304-1343,Tahmina Khatun,01868381493,SKU-1071,Anker Power Strip (4 Port),1,500,80,pending,
2026-03-04,ORD-20260304-1360,Bithi Saha,01771991723,SKU-1002,Xiaomi Mechanical Keyboard,1,6800,120,processing,
2026-03-04,ORD-20260304-1428,Ayesha Rahman,01764125607,SKU-1007,Headphones with Mic,1,7900,120,delivered,
2026-03-04,ORD-20260304-1622,Hasan Sikder,01846873908,SKU-1043,Mechanical Keyboard,1,5650,100,delivered,
2026-03-04,ORD-20260304-1822,Sabrina Haque,01947583721,SKU-1008,LG Ethernet Cable (5m),1,350,150,delivered,
2026-03-04,ORD-20260304-1983,Faisal Haque,01841619947,SKU-1005,Razer Wireless Earbuds,1,8050,120,delivered,
2026-03-03,ORD-20260303-1132,Priya Das,01731970384,SKU-1049,Anker 24-inch Monitor,1,30900,60,delivered,
2026-03-03,ORD-20260303-1210,Imran Ahmed,01744432497,SKU-1093,Xiaomi LED Desk Lamp,1,1850,60,delivered,
2026-03-03,ORD-20260303-1485,Hasan Sikder,01543250104,SKU-1077,A4Tech A4 Paper Pack (500 sheets),1,450,80,delivered,
2026-03-03,ORD-20260303-1617,Kamrul Ahmed,01870146539,SKU-1033,Xiaomi LED Desk Lamp,1,4350,120,pending,
2026-03-02,ORD-20260302-1231,Farjana Uddin,01678424077,SKU-1011,Xiaomi SSD 1TB,1,11300,60,delivered,
2026-03-02,ORD-20260302-1457,Sadia Islam,01350096915,SKU-1084,Anker Wi-Fi Range Extender,1,3700,150,delivered,
2026-03-02,ORD-20260302-1955,Pritom Bhowmik,01657039798,SKU-1072,Razer HDMI Cable (5m),1,250,60,delivered,
2026-03-01,ORD-20260301-1183,Kamrul Alam,01396813335,SKU-1009,Samsung Power Strip (6 Port),1,1150,150,delivered,
2026-03-01,ORD-20260301-1604,Ayesha Hossain,01977515128,SKU-1071,Anker Power Strip (4 Port),1,500,120,delivered,
2026-03-01,ORD-20260301-1610,Bappy Bhowmik,01370442615,SKU-1026,Anker Headphones with Mic,1,1950,60,delivered,
2026-03-01,ORD-20260301-1641,Rakib Islam,01590968883,SKU-1088,Samsung HDMI Cable (5m),1,550,60,delivered,
2026-03-01,ORD-20260301-1928,Ayesha Rahman,01764125607,SKU-1006,Asus Ethernet Cable (5m),1,800,150,delivered,
2026-02-28,ORD-20260228-1028,Kamrul Jahan,01923472875,SKU-1017,Xiaomi Bluetooth Speaker,1,6500,120,delivered,
2026-02-28,ORD-20260228-1204,Mehedi Jahan,01637242462,SKU-1076,Flash Drive 64GB,1,1900,100,returned,
2026-02-28,ORD-20260228-1316,Tania Khatun,01340961544,SKU-1070,Xiaomi Flash Drive 64GB,1,1400,150,delivered,
2026-02-28,ORD-20260228-1336,Ayesha Chowdhury,01761127191,SKU-1082,Asus HDMI Cable (5m),1,1050,60,shipped,
2026-02-27,ORD-20260227-1152,Jannat Sikder,01767736772,SKU-1067,Samsung External HDD 1TB,1,9350,100,delivered,
2026-02-27,ORD-20260227-1227,Hasan Sarkar,01329111800,SKU-1078,Netgear Gaming Mouse,1,4200,120,delivered,
2026-02-27,ORD-20260227-1319,Sourav Paul,01854602938,SKU-1038,Xiaomi Mousepad (Large),1,1700,150,delivered,
2026-02-27,ORD-20260227-1737,Sabrina Ahmed,01754881898,SKU-1003,A4Tech Wireless Mouse,1,4800,100,delivered,
2026-02-27,ORD-20260227-1802,Faisal Mia,01920991261,SKU-1065,Ethernet Cable (10m),1,750,150,delivered,
2026-02-26,ORD-20260226-1235,Ayesha Khatun,01743310125,SKU-1053,Netgear Mechanical Keyboard,1,1900,120,delivered,
2026-02-26,ORD-20260226-1447,Imran Chowdhury,01659503675,SKU-1040,A4Tech USB-C Hub,1,3950,100,delivered,
2026-02-26,ORD-20260226-1505,Hasan Hossain,01364777391,SKU-1064,LG Power Strip (6 Port),1,750,60,delivered,
2026-02-26,ORD-20260226-1560,Arif Jahan,01525606484,SKU-1017,Xiaomi Bluetooth Speaker,1,6500,120,returned,
2026-02-26,ORD-20260226-1576,Sabrina Rahman,01552590700,SKU-1062,Dell Wi-Fi Range Extender,1,6150,100,delivered,
2026-02-26,ORD-20260226-1939,Sadia Haque,01798344812,SKU-1082,Asus HDMI Cable (5m),1,1050,80,delivered,
2026-02-25,ORD-20260225-1040,Arif Sikder,01678458895,SKU-1069,Gigabyte USB-C Hub,1,2900,120,delivered,
2026-02-25,ORD-20260225-1544,Puja Dutta,01842136612,SKU-1017,Xiaomi Bluetooth Speaker,1,6500,100,delivered,
2026-02-24,ORD-20260224-1208,Pritom Saha,01367562007,SKU-1090,Anker Type-C to USB Cable,1,600,120,delivered,
2026-02-24,ORD-20260224-1321,Ayesha Chowdhury,01315186107,SKU-1058,Netgear Wireless Earbuds,1,10400,100,delivered,
2026-02-24,ORD-20260224-1563,Hasan Sikder,01543250104,SKU-1040,A4Tech USB-C Hub,1,3950,120,cancelled,
2026-02-24,ORD-20260224-1998,Jannat Rahman,01995617380,SKU-1057,Corsair Power Strip (6 Port),1,1100,100,delivered,
2026-02-23,ORD-20260223-1105,Ayesha Khatun,01743310125,SKU-1016,Razer Surge Protector,1,600,60,delivered,
2026-02-23,ORD-20260223-1517,Ayesha Sarkar,01628410201,SKU-1004,A4Tech HDMI Cable (2m),1,1050,150,delivered,
2026-02-23,ORD-20260223-1924,Puja Ghosh,01552113138,SKU-1003,A4Tech Wireless Mouse,1,4800,60,processing,
2026-02-23,ORD-20260223-1976,Bithi Das,01929766394,SKU-1066,Netgear Ethernet Cable (5m),1,1050,120,delivered,
2026-02-22,ORD-20260222-1050,Mehedi Rahman,01673358706,SKU-1032,Gaming Mouse,1,4700,150,delivered,
2026-02-22,ORD-20260222-1293,Sumaiya Khatun,01812964694,SKU-1061,Logitech UPS 650VA,1,5200,80,pending,
2026-02-22,ORD-20260222-1595,Noyon Nandi,01768192363,SKU-1047,LG Webcam 1080p,1,5550,120,processing,
2026-02-22,ORD-20260222-1949,Sushmoy Ghosh,01916527083,SKU-1045,HP USB-C Hub,1,2800,100,delivered,
2026-02-21,ORD-20260221-1045,Sabrina Rahman,01552590700,SKU-1084,Anker Wi-Fi Range Extender,1,3700,80,delivered,
2026-02-21,ORD-20260221-1180,Anik Debnath,01859169160,SKU-1070,Xiaomi Flash Drive 64GB,1,1400,80,delivered,
2026-02-21,ORD-20260221-1408,Nazmul Islam,01345182388,SKU-1031,A4Tech Surge Protector,1,1350,80,delivered,
2026-02-21,ORD-20260221-1703,Tahmina Mia,01678017056,SKU-1049,Anker 24-inch Monitor,1,30900,150,delivered,
2026-02-21,ORD-20260221-1796,Nusrat Khatun,01756709908,SKU-1083,A4Tech Ethernet Cable (10m),1,550,120,delivered,
2026-02-20,ORD-20260220-1005,Priya Das,01731970384,SKU-1083,A4Tech Ethernet Cable (10m),1,550,150,delivered,
2026-02-20,ORD-20260220-1280,Imran Chowdhury,01659503675,SKU-1098,24-inch Monitor,1,26700,150,delivered,
2026-02-20,ORD-20260220-1636,Shuvo Ghosh,01385939321,SKU-1072,Razer HDMI Cable (5m),1,250,80,delivered,
2026-02-19,ORD-20260219-1389,Dip Ghosh,01810701914,SKU-1051,Samsung Headphones with Mic,1,9450,120,delivered,
2026-02-19,ORD-20260219-1471,Ayesha Chowdhury,01891714361,SKU-1017,Xiaomi Bluetooth Speaker,1,6500,60,delivered,
2026-02-19,ORD-20260219-1669,Nusrat Sikder,01669454172,SKU-1002,Xiaomi Mechanical Keyboard,1,6800,150,delivered,
2026-02-19,ORD-20260219-1704,Hasan Khatun,01631311035,SKU-1084,Anker Wi-Fi Range Extender,1,3700,120,delivered,
2026-02-19,ORD-20260219-1731,Sabrina Ahmed,01754881898,SKU-1013,HP UPS 650VA,1,6100,60,delivered,
2026-02-19,ORD-20260219-1836,Tania Ahmed,01328837712,SKU-1019,UPS 650VA,1,5300,120,delivered,
2026-02-19,ORD-20260219-1970,Ayesha Mia,01521382157,SKU-1019,UPS 650VA,1,5300,100,delivered,
2026-02-18,ORD-20260218-1068,Ayesha Uddin,01378478605,SKU-1022,Laptop Stand,1,1050,150,cancelled,
2026-02-18,ORD-20260218-1474,Anik Karmakar,01679713056,SKU-1046,Xiaomi Router Dual Band,1,5700,80,delivered,
2026-02-17,ORD-20260217-1003,Nusrat Alam,01956879440,SKU-1007,Headphones with Mic,1,7900,150,delivered,
2026-02-17,ORD-20260217-1368,Faisal Islam,01694559770,SKU-1056,24-inch Monitor,1,37350,150,pending,
2026-02-17,ORD-20260217-1499,Ankita Barman,01814490911,SKU-1086,Anker Wireless Earbuds,1,9450,100,shipped,
2026-02-17,ORD-20260217-1513,Anik Nandi,01559885363,SKU-1090,Anker Type-C to USB Cable,1,600,80,delivered,
2026-02-17,ORD-20260217-1533,Tahmina Akter,01776306688,SKU-1049,Anker 24-inch Monitor,1,30900,150,delivered,
2026-02-17,ORD-20260217-1564,Sadia Islam,01350096915,SKU-1064,LG Power Strip (6 Port),1,750,80,delivered,
2026-02-17,ORD-20260217-1707,Sadia Ahmed,01715808507,SKU-1049,Anker 24-inch Monitor,1,30900,100,delivered,
2026-02-16,ORD-20260216-1169,Sabrina Hossain,01648727053,SKU-1012,Logitech UPS 650VA,1,4500,120,delivered,
2026-02-16,ORD-20260216-1442,Sushmoy Ghosh,01916527083,SKU-1040,A4Tech USB-C Hub,1,3950,80,delivered,
2026-02-16,ORD-20260216-1476,Rasel Sarkar,01689678847,SKU-1064,LG Power Strip (6 Port),1,750,60,shipped,
2026-02-16,ORD-20260216-1751,Arif Jahan,01747517947,SKU-1035,Logitech HDMI Cable (2m),1,800,80,delivered,
2026-02-15,ORD-20260215-1200,Rakib Hossain,01380069607,SKU-1020,Wi-Fi Range Extender,1,3350,60,delivered,
2026-02-15,ORD-20260215-1230,Anik Das,01892570001,SKU-1008,LG Ethernet Cable (5m),1,350,80,cancelled,
2026-02-15,ORD-20260215-1303,Tariq Alam,01812196080,SKU-1002,Xiaomi Mechanical Keyboard,1,6800,120,processing,
2026-02-15,ORD-20260215-1311,Mahmud Khatun,01992137499,SKU-1044,Netgear A4 Paper Pack (500 sheets),1,600,120,delivered,
2026-02-15,ORD-20260215-1372,Puja Paul,01589708992,SKU-1025,Razer SSD 1TB,1,4300,120,delivered,
2026-02-15,ORD-20260215-1409,Tahmina Khatun,01868381493,SKU-1026,Anker Headphones with Mic,1,1950,120,delivered,
2026-02-15,ORD-20260215-1488,Nazmul Islam,01345182388,SKU-1024,Asus External HDD 1TB,1,6400,150,delivered,
2026-02-15,ORD-20260215-1524,Faisal Islam,01694559770,SKU-1098,24-inch Monitor,1,26700,100,pending,
2026-02-15,ORD-20260215-1700,Arif Rahman,01768080548,SKU-1061,Logitech UPS 650VA,1,5200,150,delivered,
2026-02-15,ORD-20260215-1943,Nusrat Jahan,01623789920,SKU-1073,HP Power Strip (4 Port),1,1000,100,delivered,
2026-02-14,ORD-20260214-1070,Noyon Das,01673152168,SKU-1099,TP-Link Wi-Fi Range Extender,1,4350,150,delivered,
2026-02-14,ORD-20260214-1193,Mahmud Jahan,01972512950,SKU-1049,Anker 24-inch Monitor,1,30900,60,processing,
2026-02-14,ORD-20260214-1315,Arif Jahan,01525606484,SKU-1075,Type-C to USB Cable,1,800,80,delivered,
2026-02-14,ORD-20260214-1394,Anik Das,01892570001,SKU-1035,Logitech HDMI Cable (2m),1,800,100,delivered,
2026-02-14,ORD-20260214-1637,Sushmoy Debnath,01595174942,SKU-1012,Logitech UPS 650VA,1,4500,120,returned,
2026-02-14,ORD-20260214-1859,Nazmul Rahman,01546900829,SKU-1030,Dell Bluetooth Speaker,1,1400,120,delivered,
2026-02-14,ORD-20260214-1879,Pritom Roy,01884551800,SKU-1016,Razer Surge Protector,1,600,150,delivered,
2026-02-13,ORD-20260213-1172,Imran Haque,01576275082,SKU-1044,Netgear A4 Paper Pack (500 sheets),1,600,100,delivered,
2026-02-13,ORD-20260213-1503,Imran Haque,01576275082,SKU-1093,Xiaomi LED Desk Lamp,1,1850,100,delivered,
2026-02-13,ORD-20260213-1676,Sabrina Uddin,01360866078,SKU-1016,Razer Surge Protector,1,600,100,delivered,
2026-02-13,ORD-20260213-1771,Tahmina Sikder,01851363615,SKU-1027,Xiaomi Bluetooth Speaker,1,1500,80,delivered,
2026-02-12,ORD-20260212-1034,Sabrina Alam,01510820902,SKU-1091,Dell Headphones with Mic,1,9150,60,delivered,
2026-02-12,ORD-20260212-1057,Mahmud Sarkar,01687880075,SKU-1086,Anker Wireless Earbuds,1,9450,100,delivered,
2026-02-12,ORD-20260212-1189,Sushmita Saha,01320876553,SKU-1016,Razer Surge Protector,1,600,100,delivered,
2026-02-12,ORD-20260212-1260,Sabrina Mia,01544518387,SKU-1056,24-inch Monitor,1,37350,60,delivered,
2026-02-12,ORD-20260212-1288,Tahmina Hossain,01731991960,SKU-1055,A4Tech Wireless Mouse,1,4150,60,delivered,
2026-02-12,ORD-20260212-1702,Sabrina Haque,01947583721,SKU-1072,Razer HDMI Cable (5m),1,250,80,delivered,
2026-02-12,ORD-20260212-1801,Noyon Ghosh,01582535851,SKU-1013,HP UPS 650VA,1,6100,80,delivered,
2026-02-12,ORD-20260212-1895,Tariq Mia,01519825193,SKU-1089,HP 27-inch Monitor,1,27950,80,pending,
2026-02-12,ORD-20260212-1988,Sabrina Sarkar,01754665691,SKU-1004,A4Tech HDMI Cable (2m),1,1050,60,delivered,
2026-02-11,ORD-20260211-1335,Rasel Uddin,01866497091,SKU-1043,Mechanical Keyboard,1,5650,60,delivered,
2026-02-11,ORD-20260211-1381,Opu Karmakar,01956464395,SKU-1032,Gaming Mouse,1,4700,80,delivered,
2026-02-11,ORD-20260211-1430,Rasel Uddin,01866497091,SKU-1097,HP HDMI Cable (5m),1,300,100,processing,
2026-02-11,ORD-20260211-1626,Noyon Nandi,01587731172,SKU-1082,Asus HDMI Cable (5m),1,1050,120,delivered,
2026-02-10,ORD-20260210-1164,Sourav Karmakar,01715520161,SKU-1100,Samsung Ethernet Cable (5m),1,400,100,delivered,
2026-02-10,ORD-20260210-1374,Shuvo Roy,01830116554,SKU-1068,Corsair USB-C Hub,1,4800,80,delivered,
2026-02-10,ORD-20260210-1396,Joy Barman,01636517762,SKU-1075,Type-C to USB Cable,1,800,60,delivered,
2026-02-10,ORD-20260210-1469,Faisal Mia,01920991261,SKU-1001,Surge Protector,1,1350,120,delivered,
2026-02-10,ORD-20260210-1546,Jannat Rahman,01995617380,SKU-1046,Xiaomi Router Dual Band,1,5700,100,returned,
2026-02-09,ORD-20260209-1043,Nusrat Alam,01956879440,SKU-1052,Corsair Power Strip (6 Port),1,800,150,delivered,
2026-02-09,ORD-20260209-1286,Pritom Karmakar,01835446842,SKU-1099,TP-Link Wi-Fi Range Extender,1,4350,150,delivered,
2026-02-09,ORD-20260209-1482,Rasel Uddin,01866497091,SKU-1077,A4Tech A4 Paper Pack (500 sheets),1,450,150,pending,
2026-02-09,ORD-20260209-1511,Tahmina Sikder,01622845855,SKU-1100,Samsung Ethernet Cable (5m),1,400,100,delivered,
2026-02-09,ORD-20260209-1824,Nusrat Akter,01770848605,SKU-1032,Gaming Mouse,1,4700,60,delivered,
2026-02-08,ORD-20260208-1031,Farjana Uddin,01678424077,SKU-1099,TP-Link Wi-Fi Range Extender,1,4350,80,processing,
2026-02-08,ORD-20260208-1453,Arif Sikder,01678458895,SKU-1099,TP-Link Wi-Fi Range Extender,1,4350,100,delivered,
2026-02-08,ORD-20260208-1543,Sushmita Bhowmik,01617430623,SKU-1033,Xiaomi LED Desk Lamp,1,4350,60,delivered,
2026-02-08,ORD-20260208-1628,Ayesha Hossain,01977515128,SKU-1022,Laptop Stand,1,1050,150,shipped,
2026-02-08,ORD-20260208-1671,Sabrina Ahmed,01754881898,SKU-1061,Logitech UPS 650VA,1,5200,150,delivered,
2026-02-08,ORD-20260208-1927,Sadia Ahmed,01715808507,SKU-1063,Ethernet Cable (5m),1,750,120,delivered,
2026-02-07,ORD-20260207-1108,Faisal Haque,01841619947,SKU-1010,Netgear SSD 500GB,1,8650,150,delivered,
2026-02-07,ORD-20260207-1308,Imran Ahmed,01744432497,SKU-1045,HP USB-C Hub,1,2800,150,pending,
2026-02-06,ORD-20260206-1556,Pritom Das,01584436738,SKU-1100,Samsung Ethernet Cable (5m),1,400,100,delivered,
2026-02-06,ORD-20260206-1602,Sushmoy Saha,01543714484,SKU-1094,UPS 650VA,1,5500,100,delivered,
2026-02-06,ORD-20260206-1631,Ankita Nandi,01366327017,SKU-1043,Mechanical Keyboard,1,5650,120,delivered,
2026-02-06,ORD-20260206-1724,Tahmina Sikder,01622845855,SKU-1059,Webcam 1080p,1,2950,150,delivered,
2026-02-05,ORD-20260205-1036,Arif Khatun,01762402938,SKU-1080,27-inch Monitor,1,45250,100,delivered,
2026-02-05,ORD-20260205-1133,Pritom Saha,01548033101,SKU-1099,TP-Link Wi-Fi Range Extender,1,4350,60,delivered,
2026-02-05,ORD-20260205-1537,Imran Haque,01576275082,SKU-1052,Corsair Power Strip (6 Port),1,800,60,processing,
2026-02-05,ORD-20260205-1980,Sabrina Alam,01510820902,SKU-1001,Surge Protector,1,1350,100,delivered,
2026-02-05,ORD-20260205-1999,Rakib Hossain,01775231179,SKU-1046,Xiaomi Router Dual Band,1,5700,150,delivered,
2026-02-04,ORD-20260204-1025,Noyon Nandi,01587731172,SKU-1060,Razer Mousepad (Large),1,400,60,delivered,
2026-02-04,ORD-20260204-1243,Mehedi Jahan,01637242462,SKU-1060,Razer Mousepad (Large),1,400,120,delivered,
2026-02-04,ORD-20260204-1606,Imran Chowdhury,01659503675,SKU-1091,Dell Headphones with Mic,1,9150,80,processing,
2026-02-04,ORD-20260204-1640,Sushmita Bhowmik,01617430623,SKU-1032,Gaming Mouse,1,4700,100,delivered,
2026-02-04,ORD-20260204-1821,Arif Sikder,01678458895,SKU-1063,Ethernet Cable (5m),1,750,120,returned,
2026-02-04,ORD-20260204-1907,Jannat Hossain,01834790146,SKU-1028,Wi-Fi Range Extender,1,2000,120,delivered,
2026-02-03,ORD-20260203-1078,Farjana Sikder,01336153213,SKU-1002,Xiaomi Mechanical Keyboard,1,6800,80,delivered,
2026-02-03,ORD-20260203-1093,Ayesha Uddin,01378478605,SKU-1099,TP-Link Wi-Fi Range Extender,1,4350,80,pending,
2026-02-03,ORD-20260203-1271,Hasan Khatun,01631311035,SKU-1071,Anker Power Strip (4 Port),1,500,100,delivered,
2026-02-03,ORD-20260203-1292,Hasan Hossain,01364777391,SKU-1023,Dell A4 Paper Pack (500 sheets),1,550,80,delivered,
2026-02-03,ORD-20260203-1509,Tariq Alam,01812196080,SKU-1060,Razer Mousepad (Large),1,400,120,delivered,
2026-02-03,ORD-20260203-1699,Anik Karmakar,01679713056,SKU-1081,Asus Power Strip (4 Port),1,600,120,delivered,
2026-02-03,ORD-20260203-1882,Mahmud Hossain,01535921633,SKU-1060,Razer Mousepad (Large),1,400,150,delivered,
2026-02-03,ORD-20260203-1897,Ankita Paul,01585996741,SKU-1017,Xiaomi Bluetooth Speaker,1,6500,60,delivered,
2026-02-02,ORD-20260202-1064,Ankita Saha,01726806933,SKU-1062,Dell Wi-Fi Range Extender,1,6150,80,returned,
2026-02-02,ORD-20260202-1176,Mehedi Ahmed,01389951697,SKU-1016,Razer Surge Protector,1,600,120,delivered,
2026-02-02,ORD-20260202-1685,Sabrina Rahman,01552590700,SKU-1006,Asus Ethernet Cable (5m),1,800,120,pending,
2026-02-02,ORD-20260202-1691,Sadia Ahmed,01715808507,SKU-1003,A4Tech Wireless Mouse,1,4800,100,delivered,
2026-02-02,ORD-20260202-1730,Arif Khatun,01762402938,SKU-1023,Dell A4 Paper Pack (500 sheets),1,550,60,delivered,
2026-02-02,ORD-20260202-1774,Sabrina Alam,01510820902,SKU-1029,Logitech Ethernet Cable (10m),1,400,60,delivered,
2026-02-02,ORD-20260202-1904,Noyon Ghosh,01582535851,SKU-1008,LG Ethernet Cable (5m),1,350,120,delivered,
2026-02-01,ORD-20260201-1369,Sadia Haque,01798344812,SKU-1063,Ethernet Cable (5m),1,750,60,delivered,
2026-02-01,ORD-20260201-1659,Shuvo Ghosh,01385939321,SKU-1015,HP HDMI Cable (2m),1,300,120,pending,
2026-02-01,ORD-20260201-1736,Pritom Das,01584436738,SKU-1094,UPS 650VA,1,5500,120,delivered,
2026-01-31,ORD-20260131-1112,Tahmina Hossain,01916637650,SKU-1054,Gigabyte Wireless Earbuds,1,1650,80,delivered,
2026-01-31,ORD-20260131-1125,Ankita Saha,01726806933,SKU-1051,Samsung Headphones with Mic,1,9450,60,delivered,
2026-01-31,ORD-20260131-1190,Tariq Sarkar,01978240667,SKU-1014,Logitech Surge Protector,1,850,80,delivered,
2026-01-31,ORD-20260131-1344,Faisal Mia,01920991261,SKU-1091,Dell Headphones with Mic,1,9150,100,delivered,
2026-01-31,ORD-20260131-1853,Kamrul Jahan,01923472875,SKU-1087,Router Dual Band,1,4050,150,delivered,
2026-01-31,ORD-20260131-1866,Ankita Paul,01585996741,SKU-1040,A4Tech USB-C Hub,1,3950,100,delivered,
2026-01-30,ORD-20260130-1020,Priya Roy,01943766630,SKU-1063,Ethernet Cable (5m),1,750,150,delivered,
2026-01-30,ORD-20260130-1270,Hasan Sarkar,01329111800,SKU-1074,HP LED Desk Lamp,1,5550,150,delivered,
2026-01-30,ORD-20260130-1884,Mahmud Jahan,01972512950,SKU-1077,A4Tech A4 Paper Pack (500 sheets),1,450,150,processing,
2026-01-30,ORD-20260130-1905,Arif Ahmed,01548345550,SKU-1064,LG Power Strip (6 Port),1,750,80,delivered,
2026-01-29,ORD-20260129-1192,Tahmina Jahan,01597080404,SKU-1027,Xiaomi Bluetooth Speaker,1,1500,120,delivered,
2026-01-29,ORD-20260129-1502,Faisal Islam,01526182247,SKU-1065,Ethernet Cable (10m),1,750,120,processing,
2026-01-29,ORD-20260129-1683,Opu Das,01640239959,SKU-1015,HP HDMI Cable (2m),1,300,100,processing,
2026-01-29,ORD-20260129-1716,Nazmul Rahman,01546900829,SKU-1018,Ethernet Cable (5m),1,550,150,delivered,
2026-01-29,ORD-20260129-1871,Tariq Rahman,01359648937,SKU-1087,Router Dual Band,1,4050,100,shipped,
2026-01-28,ORD-20260128-1069,Shuvo Paul,01828767275,SKU-1064,LG Power Strip (6 Port),1,750,120,delivered,
2026-01-28,ORD-20260128-1775,Sushmoy Dutta,01917320303,SKU-1067,Samsung External HDD 1TB,1,9350,60,delivered,
2026-01-27,ORD-20260127-1268,Ayesha Hossain,01977515128,SKU-1039,Dell Surge Protector,1,800,120,returned,
2026-01-27,ORD-20260127-1561,Faisal Haque,01841619947,SKU-1039,Dell Surge Protector,1,800,100,delivered,
2026-01-27,ORD-20260127-1632,Pritom Bhowmik,01657039798,SKU-1097,HP HDMI Cable (5m),1,300,120,delivered,
2026-01-27,ORD-20260127-1693,Rasel Uddin,01866497091,SKU-1004,A4Tech HDMI Cable (2m),1,1050,100,delivered,
2026-01-27,ORD-20260127-1764,Noyon Das,01673152168,SKU-1069,Gigabyte USB-C Hub,1,2900,80,delivered,
2026-01-26,ORD-20260126-1047,Pritom Das,01331448553,SKU-1023,Dell A4 Paper Pack (500 sheets),1,550,100,shipped,
2026-01-26,ORD-20260126-1097,Jannat Hossain,01667149501,SKU-1023,Dell A4 Paper Pack (500 sheets),1,550,150,delivered,
2026-01-26,ORD-20260126-1363,Noyon Das,01673152168,SKU-1041,Samsung Surge Protector,1,1950,100,shipped,
2026-01-26,ORD-20260126-1407,Arif Jahan,01747517947,SKU-1043,Mechanical Keyboard,1,5650,120,pending,
2026-01-26,ORD-20260126-1413,Priya Paul,01976913601,SKU-1058,Netgear Wireless Earbuds,1,10400,80,delivered,
2026-01-25,ORD-20260125-1686,Sumaiya Islam,01774390741,SKU-1040,A4Tech USB-C Hub,1,3950,60,delivered,
2026-01-25,ORD-20260125-1713,Sabrina Sikder,01844951173,SKU-1019,UPS 650VA,1,5300,120,delivered,
2026-01-25,ORD-20260125-1733,Mahmud Sarkar,01687880075,SKU-1005,Razer Wireless Earbuds,1,8050,80,delivered,
2026-01-24,ORD-20260124-1107,Sabrina Ahmed,01970210103,SKU-1029,Logitech Ethernet Cable (10m),1,400,60,delivered,
2026-01-24,ORD-20260124-1201,Bappy Karmakar,01744140976,SKU-1088,Samsung HDMI Cable (5m),1,550,80,delivered,
2026-01-24,ORD-20260124-1498,Mehedi Uddin,01923937957,SKU-1067,Samsung External HDD 1TB,1,9350,120,delivered,
2026-01-24,ORD-20260124-1542,Ayesha Chowdhury,01761127191,SKU-1060,Razer Mousepad (Large),1,400,150,delivered,
2026-01-24,ORD-20260124-1747,Farjana Sikder,01887681129,SKU-1097,HP HDMI Cable (5m),1,300,100,delivered,
2026-01-24,ORD-20260124-1766,Bappy Debnath,01580102060,SKU-1078,Netgear Gaming Mouse,1,4200,100,pending,
2026-01-24,ORD-20260124-1917,Rakib Jahan,01587727342,SKU-1093,Xiaomi LED Desk Lamp,1,1850,150,delivered,
2026-01-23,ORD-20260123-1103,Puja Barman,01795364531,SKU-1062,Dell Wi-Fi Range Extender,1,6150,150,delivered,
2026-01-23,ORD-20260123-1163,Mehedi Akter,01392752759,SKU-1076,Flash Drive 64GB,1,1900,100,returned,
2026-01-23,ORD-20260123-1329,Arif Chowdhury,01635343580,SKU-1048,Bluetooth Speaker,1,8550,120,delivered,
2026-01-23,ORD-20260123-1639,Bithi Nandi,01597388776,SKU-1031,A4Tech Surge Protector,1,1350,100,delivered,
2026-01-23,ORD-20260123-1739,Shuvo Roy,01830116554,SKU-1019,UPS 650VA,1,5300,150,delivered,
2026-01-23,ORD-20260123-1838,Bithi Nandi,01597388776,SKU-1015,HP HDMI Cable (2m),1,300,100,delivered,
2026-01-22,ORD-20260122-1237,Shuvo Roy,01830116554,SKU-1057,Corsair Power Strip (6 Port),1,1100,80,returned,
2026-01-22,ORD-20260122-1249,Ayesha Mia,01819763725,SKU-1032,Gaming Mouse,1,4700,60,shipped,
2026-01-22,ORD-20260122-1318,Kamrul Sikder,01358227788,SKU-1093,Xiaomi LED Desk Lamp,1,1850,120,delivered,
2026-01-22,ORD-20260122-1508,Priya Das,01731970384,SKU-1097,HP HDMI Cable (5m),1,300,120,delivered,
2026-01-21,ORD-20260121-1066,Arif Chowdhury,01635343580,SKU-1062,Dell Wi-Fi Range Extender,1,6150,100,delivered,
2026-01-21,ORD-20260121-1166,Ayesha Chowdhury,01761127191,SKU-1098,24-inch Monitor,1,26700,60,delivered,
2026-01-21,ORD-20260121-1275,Rakib Islam,01590968883,SKU-1037,HP 24-inch Monitor,1,31150,60,delivered,
2026-01-21,ORD-20260121-1525,Puja Ghosh,01552113138,SKU-1023,Dell A4 Paper Pack (500 sheets),1,550,150,delivered,
2026-01-21,ORD-20260121-1539,Priya Paul,01976913601,SKU-1005,Razer Wireless Earbuds,1,8050,120,delivered,
2026-01-21,ORD-20260121-1734,Mehedi Rahman,01673358706,SKU-1082,Asus HDMI Cable (5m),1,1050,80,delivered,
2026-01-21,ORD-20260121-1900,Arif Sikder,01678458895,SKU-1022,Laptop Stand,1,1050,60,pending,
2026-01-20,ORD-20260120-1119,Mehedi Jahan,01637242462,SKU-1061,Logitech UPS 650VA,1,5200,100,delivered,
2026-01-20,ORD-20260120-1584,Hasan Chowdhury,01681213055,SKU-1090,Anker Type-C to USB Cable,1,600,150,delivered,
2026-01-20,ORD-20260120-1921,Tahmina Sikder,01851363615,SKU-1063,Ethernet Cable (5m),1,750,80,delivered,
2026-01-20,ORD-20260120-1932,Sushmita Das,01845243734,SKU-1006,Asus Ethernet Cable (5m),1,800,120,delivered,
2026-01-19,ORD-20260119-1011,Jannat Hossain,01834790146,SKU-1076,Flash Drive 64GB,1,1900,80,delivered,
2026-01-19,ORD-20260119-1236,Noyon Nandi,01768192363,SKU-1022,Laptop Stand,1,1050,120,delivered,
2026-01-19,ORD-20260119-1294,Sourav Dutta,01749446367,SKU-1019,UPS 650VA,1,5300,60,processing,
2026-01-19,ORD-20260119-1655,Noyon Dutta,01770348866,SKU-1084,Anker Wi-Fi Range Extender,1,3700,120,delivered,
2026-01-19,ORD-20260119-1874,Priya Das,01731970384,SKU-1082,Asus HDMI Cable (5m),1,1050,100,processing,
2026-01-19,ORD-20260119-1961,Sushmoy Dutta,01917320303,SKU-1075,Type-C to USB Cable,1,800,60,delivered,
2026-01-18,ORD-20260118-1253,Farjana Sikder,01887681129,SKU-1066,Netgear Ethernet Cable (5m),1,1050,60,delivered,
2026-01-18,ORD-20260118-1322,Puja Ghosh,01973691631,SKU-1047,LG Webcam 1080p,1,5550,80,delivered,
2026-01-18,ORD-20260118-1348,Nazmul Rahman,01392773075,SKU-1095,LED Desk Lamp,1,1700,150,delivered,
2026-01-18,ORD-20260118-1437,Ayesha Sarkar,01628410201,SKU-1034,Dell HDMI Cable (2m),1,450,80,delivered,
2026-01-18,ORD-20260118-1688,Opu Karmakar,01733205317,SKU-1079,HP Ethernet Cable (5m),1,950,100,delivered,
2026-01-17,ORD-20260117-1077,Mehedi Sikder,01833445296,SKU-1083,A4Tech Ethernet Cable (10m),1,550,60,delivered,
2026-01-17,ORD-20260117-1157,Pritom Bhowmik,01657039798,SKU-1037,HP 24-inch Monitor,1,31150,150,processing,
2026-01-17,ORD-20260117-1647,Faisal Sarkar,01348364287,SKU-1025,Razer SSD 1TB,1,4300,100,delivered,
2026-01-17,ORD-20260117-1782,Sushmoy Saha,01543714484,SKU-1003,A4Tech Wireless Mouse,1,4800,80,returned,
2026-01-16,ORD-20260116-1010,Ankita Barman,01814490911,SKU-1097,HP HDMI Cable (5m),1,300,120,delivered,
2026-01-16,ORD-20260116-1109,Sumaiya Akter,01975745020,SKU-1075,Type-C to USB Cable,1,800,150,processing,
2026-01-16,ORD-20260116-1213,Tania Ahmed,01328837712,SKU-1013,HP UPS 650VA,1,6100,120,delivered,
2026-01-16,ORD-20260116-1388,Rasel Sikder,01381475685,SKU-1062,Dell Wi-Fi Range Extender,1,6150,80,delivered,
2026-01-16,ORD-20260116-1653,Puja Ghosh,01973691631,SKU-1016,Razer Surge Protector,1,600,120,cancelled,
2026-01-16,ORD-20260116-1666,Tariq Ahmed,01874899273,SKU-1082,Asus HDMI Cable (5m),1,1050,120,delivered,
2026-01-15,ORD-20260115-1049,Dip Debnath,01648975662,SKU-1002,Xiaomi Mechanical Keyboard,1,6800,100,cancelled,
2026-01-15,ORD-20260115-1263,Rakib Islam,01590968883,SKU-1100,Samsung Ethernet Cable (5m),1,400,60,delivered,
2026-01-15,ORD-20260115-1446,Ayesha Mia,01521382157,SKU-1076,Flash Drive 64GB,1,1900,100,delivered,
2026-01-15,ORD-20260115-1663,Tariq Mia,01519825193,SKU-1090,Anker Type-C to USB Cable,1,600,60,delivered,
2026-01-15,ORD-20260115-1935,Priya Roy,01943766630,SKU-1021,27-inch Monitor,1,26150,80,delivered,
2026-01-15,ORD-20260115-1946,Mahmud Jahan,01972512950,SKU-1060,Razer Mousepad (Large),1,400,80,delivered,
2026-01-15,ORD-20260115-1973,Tahmina Sikder,01697236641,SKU-1068,Corsair USB-C Hub,1,4800,100,delivered,
2026-01-14,ORD-20260114-1240,Bithi Paul,01757303621,SKU-1021,27-inch Monitor,1,26150,120,delivered,
2026-01-14,ORD-20260114-1333,Bithi Das,01929766394,SKU-1050,Anker Flash Drive 64GB,1,1200,150,shipped,
2026-01-14,ORD-20260114-1522,Puja Dutta,01842136612,SKU-1012,Logitech UPS 650VA,1,4500,60,delivered,
2026-01-14,ORD-20260114-1530,Bithi Saha,01771991723,SKU-1008,LG Ethernet Cable (5m),1,350,100,cancelled,
2026-01-14,ORD-20260114-1679,Sabrina Sarkar,01788918772,SKU-1094,UPS 650VA,1,5500,60,delivered,
2026-01-14,ORD-20260114-1744,Nusrat Jahan,01623789920,SKU-1095,LED Desk Lamp,1,1700,100,delivered,
2026-01-14,ORD-20260114-1867,Jannat Sikder,01767736772,SKU-1047,LG Webcam 1080p,1,5550,80,processing,
2026-01-13,ORD-20260113-1312,Noyon Ghosh,01582535851,SKU-1033,Xiaomi LED Desk Lamp,1,4350,120,processing,
2026-01-13,ORD-20260113-1345,Pritom Barman,01690232923,SKU-1025,Razer SSD 1TB,1,4300,60,delivered,
2026-01-13,ORD-20260113-1380,Priya Barman,01730114159,SKU-1006,Asus Ethernet Cable (5m),1,800,120,delivered,
2026-01-13,ORD-20260113-1438,Sadia Ahmed,01715808507,SKU-1083,A4Tech Ethernet Cable (10m),1,550,120,delivered,
2026-01-13,ORD-20260113-1463,Opu Das,01640239959,SKU-1062,Dell Wi-Fi Range Extender,1,6150,120,delivered,
2026-01-13,ORD-20260113-1620,Farjana Sikder,01887681129,SKU-1035,Logitech HDMI Cable (2m),1,800,80,delivered,
2026-01-13,ORD-20260113-1798,Nazmul Rahman,01546900829,SKU-1081,Asus Power Strip (4 Port),1,600,150,delivered,
2026-01-12,ORD-20260112-1390,Rakib Hossain,01775231179,SKU-1089,HP 27-inch Monitor,1,27950,60,delivered,
2026-01-12,ORD-20260112-1573,Rasel Sarkar,01689678847,SKU-1001,Surge Protector,1,1350,120,delivered,
2026-01-12,ORD-20260112-1583,Arif Rahman,01768080548,SKU-1068,Corsair USB-C Hub,1,4800,100,cancelled,
2026-01-12,ORD-20260112-1883,Hasan Uddin,01956519693,SKU-1082,Asus HDMI Cable (5m),1,1050,60,cancelled,
2026-01-12,ORD-20260112-1987,Tahmina Mia,01678017056,SKU-1030,Dell Bluetooth Speaker,1,1400,100,delivered,
2026-01-11,ORD-20260111-1001,Dip Nandi,01752266169,SKU-1021,27-inch Monitor,1,26150,100,delivered,
2026-01-11,ORD-20260111-1660,Priya Paul,01574594155,SKU-1056,24-inch Monitor,1,37350,120,processing,
2026-01-10,ORD-20260110-1130,Dip Ghosh,01611786478,SKU-1030,Dell Bluetooth Speaker,1,1400,150,delivered,
2026-01-10,ORD-20260110-1153,Ayesha Hossain,01977515128,SKU-1029,Logitech Ethernet Cable (10m),1,400,100,delivered,
2026-01-10,ORD-20260110-1218,Sourav Dutta,01749446367,SKU-1016,Razer Surge Protector,1,600,150,cancelled,
2026-01-10,ORD-20260110-1296,Imran Alam,01720546731,SKU-1013,HP UPS 650VA,1,6100,150,delivered,
2026-01-10,ORD-20260110-1635,Mehedi Sikder,01318544201,SKU-1100,Samsung Ethernet Cable (5m),1,400,80,processing,
2026-01-10,ORD-20260110-1718,Puja Barman,01795364531,SKU-1098,24-inch Monitor,1,26700,80,delivered,
2026-01-09,ORD-20260109-1422,Opu Karmakar,01956464395,SKU-1036,Netgear Type-C to USB Cable,1,200,150,delivered,
2026-01-09,ORD-20260109-1424,Nusrat Sikder,01669454172,SKU-1076,Flash Drive 64GB,1,1900,80,shipped,
2026-01-09,ORD-20260109-1486,Farjana Ahmed,01657797471,SKU-1037,HP 24-inch Monitor,1,31150,120,processing,
2026-01-09,ORD-20260109-1501,Farjana Rahman,01553513627,SKU-1021,27-inch Monitor,1,26150,100,delivered,
2026-01-09,ORD-20260109-1708,Tariq Haque,01797385593,SKU-1096,TP-Link Router Dual Band,1,4950,150,delivered,
2026-01-09,ORD-20260109-1982,Nusrat Jahan,01623789920,SKU-1022,Laptop Stand,1,1050,60,shipped,
2026-01-08,ORD-20260108-1059,Pritom Karmakar,01835446842,SKU-1048,Bluetooth Speaker,1,8550,150,delivered,
2026-01-08,ORD-20260108-1466,Tariq Sarkar,01978240667,SKU-1079,HP Ethernet Cable (5m),1,950,100,delivered,
2026-01-08,ORD-20260108-1472,Tariq Uddin,01333104930,SKU-1100,Samsung Ethernet Cable (5m),1,400,100,delivered,
2026-01-08,ORD-20260108-1589,Farjana Hossain,01738840932,SKU-1060,Razer Mousepad (Large),1,400,120,delivered,
2026-01-08,ORD-20260108-1645,Nusrat Khatun,01756709908,SKU-1037,HP 24-inch Monitor,1,31150,100,delivered,
2026-01-08,ORD-20260108-1804,Ayesha Rahman,01948145997,SKU-1051,Samsung Headphones with Mic,1,9450,100,shipped,
2026-01-08,ORD-20260108-1981,Tariq Ahmed,01874899273,SKU-1010,Netgear SSD 500GB,1,8650,120,delivered,
2026-01-07,ORD-20260107-1252,Priya Nandi,01695123761,SKU-1052,Corsair Power Strip (6 Port),1,800,60,returned,
2026-01-07,ORD-20260107-1670,Farjana Rahman,01553513627,SKU-1031,A4Tech Surge Protector,1,1350,100,delivered,
2026-01-07,ORD-20260107-1906,Dip Debnath,01648975662,SKU-1041,Samsung Surge Protector,1,1950,60,cancelled,
2026-01-07,ORD-20260107-1968,Rasel Uddin,01866497091,SKU-1100,Samsung Ethernet Cable (5m),1,400,120,delivered,
2026-01-06,ORD-20260106-1173,Jannat Sikder,01767736772,SKU-1084,Anker Wi-Fi Range Extender,1,3700,60,delivered,
2026-01-06,ORD-20260106-1566,Farjana Sikder,01887681129,SKU-1061,Logitech UPS 650VA,1,5200,100,delivered,
2026-01-06,ORD-20260106-1634,Imran Ahmed,01744432497,SKU-1008,LG Ethernet Cable (5m),1,350,80,delivered,
2026-01-06,ORD-20260106-1919,Nusrat Islam,01932193638,SKU-1052,Corsair Power Strip (6 Port),1,800,60,delivered,
2026-01-05,ORD-20260105-1234,Priya Nandi,01695123761,SKU-1023,Dell A4 Paper Pack (500 sheets),1,550,120,delivered,
2026-01-05,ORD-20260105-1359,Pritom Karmakar,01835446842,SKU-1044,Netgear A4 Paper Pack (500 sheets),1,600,60,delivered,
2026-01-05,ORD-20260105-1432,Mahmud Khatun,01992137499,SKU-1020,Wi-Fi Range Extender,1,3350,100,returned,
2026-01-05,ORD-20260105-1538,Tahmina Akter,01528192562,SKU-1047,LG Webcam 1080p,1,5550,120,delivered,
2026-01-05,ORD-20260105-1748,Imran Alam,01720546731,SKU-1068,Corsair USB-C Hub,1,4800,100,delivered,
2026-01-05,ORD-20260105-1908,Tahmina Khatun,01868381493,SKU-1079,HP Ethernet Cable (5m),1,950,120,delivered,
2026-01-04,ORD-20260104-1042,Nazmul Akter,01686498296,SKU-1100,Samsung Ethernet Cable (5m),1,400,100,delivered,
2026-01-04,ORD-20260104-1279,Ankita Barman,01814490911,SKU-1075,Type-C to USB Cable,1,800,150,delivered,
2026-01-04,ORD-20260104-1701,Rakib Alam,01644074559,SKU-1049,Anker 24-inch Monitor,1,30900,150,delivered,
2026-01-04,ORD-20260104-1811,Ayesha Sarkar,01958037662,SKU-1034,Dell HDMI Cable (2m),1,450,60,delivered,
2026-01-03,ORD-20260103-1124,Priya Paul,01574594155,SKU-1026,Anker Headphones with Mic,1,1950,100,delivered,
2026-01-03,ORD-20260103-1139,Sumaiya Islam,01774390741,SKU-1069,Gigabyte USB-C Hub,1,2900,80,delivered,
2026-01-03,ORD-20260103-1384,Tariq Ahmed,01874899273,SKU-1020,Wi-Fi Range Extender,1,3350,120,delivered,
2026-01-03,ORD-20260103-1965,Noyon Das,01673152168,SKU-1018,Ethernet Cable (5m),1,550,100,delivered,
2026-01-02,ORD-20260102-1098,Faisal Chowdhury,01729735220,SKU-1078,Netgear Gaming Mouse,1,4200,150,delivered,
2026-01-02,ORD-20260102-1232,Ayesha Akter,01819137260,SKU-1039,Dell Surge Protector,1,800,80,delivered,
2026-01-02,ORD-20260102-1233,Sabrina Sarkar,01788918772,SKU-1048,Bluetooth Speaker,1,8550,120,delivered,
2026-01-02,ORD-20260102-1727,Nusrat Akter,01770848605,SKU-1003,A4Tech Wireless Mouse,1,4800,120,shipped,
2026-01-02,ORD-20260102-1845,Faisal Chowdhury,01729735220,SKU-1074,HP LED Desk Lamp,1,5550,100,delivered,
2026-01-01,ORD-20260101-1148,Ayesha Uddin,01378478605,SKU-1052,Corsair Power Strip (6 Port),1,800,80,cancelled,
2026-01-01,ORD-20260101-1283,Priya Roy,01328727398,SKU-1096,TP-Link Router Dual Band,1,4950,60,delivered,
2026-01-01,ORD-20260101-1309,Sabrina Haque,01947583721,SKU-1078,Netgear Gaming Mouse,1,4200,100,delivered,
2026-01-01,ORD-20260101-1358,Ayesha Hossain,01977515128,SKU-1087,Router Dual Band,1,4050,100,delivered,
2026-01-01,ORD-20260101-1762,Kamrul Ahmed,01870146539,SKU-1033,Xiaomi LED Desk Lamp,1,4350,60,delivered,
2026-01-01,ORD-20260101-1852,Ayesha Sarkar,01958037662,SKU-1048,Bluetooth Speaker,1,8550,100,delivered,
2026-01-01,ORD-20260101-1870,Sumaiya Islam,01774390741,SKU-1033,Xiaomi LED Desk Lamp,1,4350,80,delivered,
